smiles,homo_ev,lumo_ev,gap_ev
BrC#Cc1ccc(-c2c3c(c(-c4ccc(C#CBr)cc4)c4nsnc24)N=S=N3)cc1,-6.0595,-3.4641,2.5981
BrC#Cc1ccc(-c2cc3[se]ccc3s2)cc1,-5.8564,-1.9984,3.8587
BrC#Cc1ccc(-c2cc3sc(-c4ccc(C#CBr)cc4)cc3s2)cc1,-5.8089,-2.3076,3.4972
BrC#Cc1ccc(-c2cc3sc4ccsc4c3s2)cc1,-5.7795,-2.0887,3.6899
BrC#Cc1ccc(-c2ccc(-c3ccc(-c4ccc(-c5ccc(C#CBr)cc5)s4)s3)s2)cc1,-5.4968,-2.4584,3.0357
BrC#Cc1ccc(-c2ccc3ccc4cccc5ccc2c3c45)cc1,-5.8404,-2.065,3.7747
BrC#Cc1ccc(C#Cc2cccc3cnccc23)cc1,-6.1987,-2.4568,3.7417
BrCc1cccc(-c2cc3[se]ccc3s2)c1-c1cc2[se]ccc2s1,-5.7895,-1.9873,3.8007
BrCc1cccc(-c2cc3sc4ccsc4c3s2)c1-c1cc2sc3ccsc3c2s1,-5.6361,-2.1452,3.4844
BrCc1cccc(-c2ccc3ccc4cccc5ccc2c3c45)c1-c1ccc2ccc3cccc4ccc1c2c34,-5.7531,-1.9583,3.7968
BrCc1cccc(C#Cc2cccc3cnccc23)c1C#Cc1cccc2cnccc12,-6.1703,-2.5777,3.5949
C(#Cc1cccc(-c2cc3[se]ccc3s2)c1)c1cccc(-c2cc3[se]ccc3s2)c1,-5.8473,-1.9738,3.874
C(#Cc1cccc(-c2cc3sc4ccsc4c3s2)c1)c1cccc(-c2cc3sc4ccsc4c3s2)c1,-5.7579,-2.0899,3.6619
C(#Cc1cccc(-c2ccc3ccc4cccc5ccc2c3c45)c1)c1cccc(-c2ccc3ccc4cccc5ccc2c3c45)c1,-5.8208,-1.9268,3.8926
C(#Cc1cccc(C#Cc2cccc3cnccc23)c1)c1cccc(C#Cc2cccc3cnccc23)c1,-6.1581,-2.2564,3.9109
C(#Cc1cccc2ccoc12)c1cccc2cnccc12,-6.0952,-2.0855,4.0078
C(#Cc1cccc2cnccc12)c1cc(C2CCCCC2)c(C#Cc2cccc3cnccc23)cc1C1CCCCC1,-5.8898,-2.3951,3.4996
C(#Cc1cccc2cnccc12)c1cc2ccccc2cc1C#Cc1cccc2cnccc12,-5.9367,-2.5104,3.4276
C(#Cc1cccc2cnccc12)c1cc2ccsc2s1,-6.0124,-2.2119,3.801
C(#Cc1cccc2cnccc12)c1ccc(-c2ccc(C#Cc3cccc4cnccc34)cc2)cc1,-5.9116,-2.4588,3.4532
C(#Cc1cccc2cnccc12)c1ccc(SSc2ccc(C#Cc3cccc4cnccc34)cc2)cc1,-6.2028,-2.3705,3.8383
C(#Cc1cccc2cnccc12)c1ccc2c(c1)C(c1ccccc1)(c1ccccc1)c1cc(C#Cc3cccc4cnccc34)ccc1-2,-5.9367,-2.5744,3.3662
C(#Cc1cccc2cnccc12)c1ccc2cc3c[nH]cc3cc2c1,-5.531,-2.1077,3.4254
C(#Cc1cccc2cnccc12)c1ccc2cc[nH]c2c1,-5.7711,-2.0919,3.6816
C(#Cc1cccc2cnccc12)c1ccc2nccn2c1,-5.9633,-2.2125,3.7504
C(#Cc1cccc2cnccc12)c1ccc2ncnn2c1,-6.2413,-2.4897,3.7511
C(#Cc1cccc2cnccc12)c1cnc2c(ccc3cc(C#Cc4cccc5cnccc45)cnc32)c1,-6.1574,-2.5695,3.5888
CC(C)(C)OC(=O)Nc1cccc(-c2c3c(c(-c4cccc(NC(=O)OC(C)(C)C)c4)c4nsnc24)N=S=N3)c1,-5.9021,-3.3322,2.5737
CC(C)(C)OC(=O)Nc1cccc(-c2cc3[se]ccc3s2)c1,-5.8332,-1.587,4.2508
CC(C)(C)OC(=O)Nc1cccc(-c2cc3sc(-c4cccc(NC(=O)OC(C)(C)C)c4)cc3s2)c1,-5.7482,-1.7736,3.965
CC(C)(C)OC(=O)Nc1cccc(-c2cc3sc4ccsc4c3s2)c1,-5.7696,-1.7053,4.0664
CC(C)(C)OC(=O)Nc1cccc(-c2ccc(-c3ccc(-c4ccc(-c5cccc(NC(=O)OC(C)(C)C)c5)s4)s3)s2)c1,-5.5464,-2.1607,3.3756
CC(C)(C)OC(=O)Nc1cccc(-c2ccc3ccc4cccc5ccc2c3c45)c1,-5.8422,-1.9055,3.935
CC(C)(C)OC(=O)Nc1cccc(C#CCCCCCCCCCCCCCCCCCC(=O)O)c1,-6.1161,-0.8525,5.2625
CC(C)(C)OC(=O)Nc1cccc(C#Cc2cccc3cnccc23)c1,-6.0752,-2.162,3.9121
CC1(C)c2cc(-c3cc4[se]ccc4s3)ccc2-c2c1cc(-c1cc3[se]ccc3s1)c1ccccc21,-5.4947,-2.0902,3.3999
CC1(C)c2cc(-c3cc4sc5ccsc5c4s3)ccc2-c2c1cc(-c1cc3sc4ccsc4c3s1)c1ccccc21,-5.4446,-2.1945,3.2406
CC1(C)c2cc(-c3ccc4ccc5cccc6ccc3c4c56)ccc2-c2c1cc(-c1ccc3ccc4cccc5ccc1c3c45)c1ccccc21,-5.5513,-1.9173,3.6317
CC1(C)c2cc(C#CCCCCCCCCCCCCCCCCCC(=O)O)ccc2-c2c1cc(C#CCCCCCCCCCCCCCCCCCC(=O)O)c1ccccc21,-5.6707,-1.8247,3.8437
CC1(C)c2cc(C#Cc3cccc4cnccc34)ccc2-c2c1cc(C#Cc1cccc3cnccc13)c1ccccc21,-5.7319,-2.4783,3.2525
CC1=CC(C)=[N+]2C1=C(c1ccc(C#Cc3c(Cl)cncc3[N+](=O)[O-])cc1)c1c(C)cc(C)n1[B-]2(F)F,-5.9112,-3.1235,2.7862
CC1=CC(C)=[N+]2C1=C(c1ccc(C#Cc3cc(C#Cc4ccc(C5=C6C(C)=CC(C)=[N+]6[B-](F)(F)n6c(C)cc(C)c65)cc4)c(O)c([N+](=O)[O-])c3)cc1)c1c(C)cc(C)n1[B-]2(F)F,-5.4255,-3.0758,2.3396
CC1=CC(C)=[N+]2C1=C(c1ccc(C#Cc3cc(C#N)cc([N+](=O)[O-])c3)cc1)c1c(C)cc(C)n1[B-]2(F)F,-5.9883,-3.0799,2.9092
CC1=CC(C)=[N+]2C1=C(c1ccc(C#Cc3cc(C(=O)O)ccc3C#N)cc1)c1c(C)cc(C)n1[B-]2(F)F,-5.8619,-2.9302,2.934
CC1=CC(C)=[N+]2C1=C(c1ccc(C#Cc3cc(C4CCCCC4)c(C#Cc4ccc(C5=C6C(C)=CC(C)=[N+]6[B-](F)(F)n6c(C)cc(C)c65)cc4)cc3C3CCCCC3)cc1)c1c(C)cc(C)n1[B-]2(F)F,-5.0812,-2.6393,2.4346
CC1=CC(C)=[N+]2C1=C(c1ccc(C#Cc3cc(CC(=O)O)ccc3O)cc1)c1c(C)cc(C)n1[B-]2(F)F,-5.5315,-2.3625,3.1618
CC1=CC(C)=[N+]2C1=C(c1ccc(C#Cc3cc(F)c(F)cc3N)cc1)c1c(C)cc(C)n1[B-]2(F)F,-5.4921,-2.3164,3.1659
CC1=CC(C)=[N+]2C1=C(c1ccc(C#Cc3cc(F)ccc3C(=O)O)cc1)c1c(C)cc(C)n1[B-]2(F)F,-5.7131,-2.5489,3.1606
CC1=CC(C)=[N+]2C1=C(c1ccc(C#Cc3cc4ccccc4cc3C#Cc3ccc(C4=C5C(C)=CC(C)=[N+]5[B-](F)(F)n5c(C)cc(C)c54)cc3)cc1)c1c(C)cc(C)n1[B-]2(F)F,-5.1475,-2.7332,2.4049
CC1=CC(C)=[N+]2C1=C(c1ccc(C#Cc3cc4ccsc4s3)cc1)c1c(C)cc(C)n1[B-]2(F)F,-5.4594,-2.2307,3.2178
CC1=CC(C)=[N+]2C1=C(c1ccc(C#Cc3ccc(-c4ccc(C#Cc5ccc(C6=C7C(C)=CC(C)=[N+]7[B-](F)(F)n7c(C)cc(C)c76)cc5)cc4)cc3)cc1)c1c(C)cc(C)n1[B-]2(F)F,-5.1528,-2.7058,2.4377
CC1=CC(C)=[N+]2C1=C(c1ccc(C#Cc3ccc(-c4cccc(F)c4)cc3)cc1)c1c(C)cc(C)n1[B-]2(F)F,-5.5435,-2.3716,3.1633
CC1=CC(C)=[N+]2C1=C(c1ccc(C#Cc3ccc(C#CBr)cc3)cc1)c1c(C)cc(C)n1[B-]2(F)F,-5.5853,-2.4461,3.1305
CC1=CC(C)=[N+]2C1=C(c1ccc(C#Cc3ccc(C#CCO)nc3C)cc1)c1c(C)cc(C)n1[B-]2(F)F,-5.575,-2.492,3.0754
CC1=CC(C)=[N+]2C1=C(c1ccc(C#Cc3ccc(C#N)[nH]c3=O)cc1)c1c(C)cc(C)n1[B-]2(F)F,-5.6913,-2.9227,2.7649
CC1=CC(C)=[N+]2C1=C(c1ccc(C#Cc3ccc(C(=O)O)c(Cl)n3)cc1)c1c(C)cc(C)n1[B-]2(F)F,-5.7409,-2.8768,2.863
CC1=CC(C)=[N+]2C1=C(c1ccc(C#Cc3ccc(C=O)c(F)c3)cc1)c1c(C)cc(C)n1[B-]2(F)F,-5.6764,-2.8477,2.8258
CC1=CC(C)=[N+]2C1=C(c1ccc(C#Cc3ccc(CC[C@H](NC(=O)OCC4c5ccccc5-c5ccccc54)C(=O)O)cc3)cc1)c1c(C)cc(C)n1[B-]2(F)F,-5.6596,-2.1438,3.5008
CC1=CC(C)=[N+]2C1=C(c1ccc(C#Cc3ccc(OCc4ccccc4)cc3F)cc1)c1c(C)cc(C)n1[B-]2(F)F,-5.3824,-2.17,3.2042
CC1=CC(C)=[N+]2C1=C(c1ccc(C#Cc3ccc(SSc4ccc(C#Cc5ccc(C6=C7C(C)=CC(C)=[N+]7[B-](F)(F)n7c(C)cc(C)c76)cc5)cc4)cc3)cc1)c1c(C)cc(C)n1[B-]2(F)F,-5.4305,-2.6498,2.7654
CC1=CC(C)=[N+]2C1=C(c1ccc(C#Cc3ccc4c(c3)C(C)(C)c3cc(C#Cc5ccc(C6=C7C(C)=CC(C)=[N+]7[B-](F)(F)n7c(C)cc(C)c76)cc5)c5ccccc5c3-4)cc1)c1c(C)cc(C)n1[B-]2(F)F,-5.0147,-2.7517,2.253
CC1=CC(C)=[N+]2C1=C(c1ccc(C#Cc3ccc4c(c3)C(c3ccccc3)(c3ccccc3)c3cc(C#Cc5ccc(C6=C7C(C)=CC(C)=[N+]7[B-](F)(F)n7c(C)cc(C)c76)cc5)ccc3-4)cc1)c1c(C)cc(C)n1[B-]2(F)F,-5.1948,-2.8611,2.3246
CC1=CC(C)=[N+]2C1=C(c1ccc(C#Cc3ccc4cc5c[nH]cc5cc4c3)cc1)c1c(C)cc(C)n1[B-]2(F)F,-5.2005,-2.2034,2.9882
CC1=CC(C)=[N+]2C1=C(c1ccc(C#Cc3ccc4cc[nH]c4c3)cc1)c1c(C)cc(C)n1[B-]2(F)F,-5.3362,-2.1317,3.1947
CC1=CC(C)=[N+]2C1=C(c1ccc(C#Cc3ccc4nccn4c3)cc1)c1c(C)cc(C)n1[B-]2(F)F,-5.4769,-2.2679,3.1937
CC1=CC(C)=[N+]2C1=C(c1ccc(C#Cc3ccc4ncnn4c3)cc1)c1c(C)cc(C)n1[B-]2(F)F,-5.6246,-2.5084,3.1035
CC1=CC(C)=[N+]2C1=C(c1ccc(C#Cc3cccc(C#Cc4cccc(C#Cc5ccc(C6=C7C(C)=CC(C)=[N+]7[B-](F)(F)n7c(C)cc(C)c76)cc5)c4)c3)cc1)c1c(C)cc(C)n1[B-]2(F)F,-5.3683,-2.5428,2.8199
CC1=CC(C)=[N+]2C1=C(c1ccc(C#Cc3cccc(C(N)CC(=O)O)c3)cc1)c1c(C)cc(C)n1[B-]2(F)F,-5.669,-2.2949,3.3629
CC1=CC(C)=[N+]2C1=C(c1ccc(C#Cc3cccc(CBr)c3C#Cc3ccc(C4=C5C(C)=CC(C)=[N+]5[B-](F)(F)n5c(C)cc(C)c54)cc3)cc1)c1c(C)cc(C)n1[B-]2(F)F,-5.3051,-2.8028,2.4917
CC1=CC(C)=[N+]2C1=C(c1ccc(C#Cc3cccc(F)c3)cc1)c1c(C)cc(C)n1[B-]2(F)F,-5.5906,-2.3079,3.2756
CC1=CC(C)=[N+]2C1=C(c1ccc(C#Cc3cccc(NC(=O)OC(C)(C)C)c3)cc1)c1c(C)cc(C)n1[B-]2(F)F,-5.5385,-2.2162,3.3096
CC1=CC(C)=[N+]2C1=C(c1ccc(C#Cc3cccc4ccoc34)cc1)c1c(C)cc(C)n1[B-]2(F)F,-5.4629,-2.1478,3.3051
CC1=CC(C)=[N+]2C1=C(c1ccc(C#Cc3cccn4ncc(C#N)c34)cc1)c1c(C)cc(C)n1[B-]2(F)F,-5.6122,-2.5621,3.0398
CC1=CC(C)=[N+]2C1=C(c1ccc(C#Cc3ccnc(Cl)c3C)cc1)c1c(C)cc(C)n1[B-]2(F)F,-5.6595,-2.4544,3.1962
CC1=CC(C)=[N+]2C1=C(c1ccc(C#Cc3cnc4c(c3)NC(=O)C4)cc1)c1c(C)cc(C)n1[B-]2(F)F,-5.6038,-2.4266,3.166
CC1=CC(C)=[N+]2C1=C(c1ccc(C#Cc3cnc4c(ccc5cc(C#Cc6ccc(C7=C8C(C)=CC(C)=[N+]8[B-](F)(F)n8c(C)cc(C)c87)cc6)cnc54)c3)cc1)c1c(C)cc(C)n1[B-]2(F)F,-5.3395,-2.8219,2.5079
CC1=CC(C)=[N+]2C1=C(c1ccc(C#Cc3cnc4cc(Cl)ccn34)cc1)c1c(C)cc(C)n1[B-]2(F)F,-5.4688,-2.3855,3.069
CC1=CC(C)=[N+]2C1=C(c1ccc(C#Cc3csc4cnc(Cl)nc34)cc1)c1c(C)cc(C)n1[B-]2(F)F,-5.747,-2.6186,3.1183
CC1=CC(C)=[N+]2C1=C(c1ccc(C#Cc3nccc(Cl)c3[N+](=O)[O-])cc1)c1c(C)cc(C)n1[B-]2(F)F,-5.9094,-2.9313,2.9757
CC1=CC(C)=[N+]2C1=C(c1ccc(C#Cc3ncccc3F)cc1)c1c(C)cc(C)n1[B-]2(F)F,-5.6047,-2.3813,3.2151
CCCCC(CC)Cn1nc2c(-c3c(OC)ccc4ccccc34)c([N+](=O)[O-])c([N+](=O)[O-])c(-c3c(OC)ccc4ccccc34)c2n1,-6.2016,-2.6205,3.5837
CCCCC(CC)Cn1nc2c(-c3cc(C=O)c(F)cc3C)c([N+](=O)[O-])c([N+](=O)[O-])c(-c3cc(C=O)c(F)cc3C)c2n1,-7.3665,-2.8747,4.488
CCCCC(CC)Cn1nc2c(-c3cc4[se]ccc4s3)c([N+](=O)[O-])c([N+](=O)[O-])c(-c3cc4[se]ccc4s3)c2n1,-6.0555,-3.0525,3.0029
CCCCC(CC)Cn1nc2c(-c3cc4sc5ccsc5c4s3)c([N+](=O)[O-])c([N+](=O)[O-])c(-c3cc4sc5ccsc5c4s3)c2n1,-5.9678,-3.1116,2.8506
CCCCC(CC)Cn1nc2c(-c3ccc4ccc5cccc6ccc3c4c56)c([N+](=O)[O-])c([N+](=O)[O-])c(-c3ccc4ccc5cccc6ccc3c4c56)c2n1,-6.1476,-2.7009,3.4438
CCCCC(CC)Cn1nc2c(C#CCCCCCCCCCCCCCCCCCC(=O)O)c([N+](=O)[O-])c([N+](=O)[O-])c(C#CCCCCCCCCCCCCCCCCCC(=O)O)c2n1,-6.7879,-3.2159,3.5755
CCCCC(CC)Cn1nc2c(C#Cc3ccc(C4=C5C(C)=CC(C)=[N+]5[B-](F)(F)n5c(C)cc(C)c54)cc3)c([N+](=O)[O-])c([N+](=O)[O-])c(C#Cc3ccc(C4=C5C(C)=CC(C)=[N+]5[B-](F)(F)n5c(C)cc(C)c54)cc3)c2n1,-5.5941,-3.5152,2.0755
CCCCC(CC)Cn1nc2c(C#Cc3cccc4cnccc34)c([N+](=O)[O-])c([N+](=O)[O-])c(C#Cc3cccc4cnccc34)c2n1,-6.4311,-3.2148,3.2183
CCCCCCCCCCC(CCCCCCCC)Cc1cc(-c2cc3c4nsnc4c4cc(-c5cc(CC(CCCCCCCC)CCCCCCCCCC)c(-c6c(OC)ccc7ccccc67)s5)sc4c3s2)sc1-c1c(OC)ccc2ccccc12,-5.3337,-2.3719,2.966
CCCCCCCCCCC(CCCCCCCC)Cc1cc(-c2cc3c4nsnc4c4cc(-c5cc(CC(CCCCCCCC)CCCCCCCCCC)c(-c6cc(C=O)c(F)cc6C)s5)sc4c3s2)sc1-c1cc(C=O)c(F)cc1C,-5.9149,-2.6812,3.2292
CCCCCCCCCCC(CCCCCCCC)Cc1cc(-c2cc3c4nsnc4c4cc(-c5cc(CC(CCCCCCCC)CCCCCCCCCC)c(-c6cc7[se]ccc7s6)s5)sc4c3s2)sc1-c1cc2[se]ccc2s1,-5.2438,-2.5794,2.6685
CCCCCCCCCCC(CCCCCCCC)Cc1cc(-c2cc3c4nsnc4c4cc(-c5cc(CC(CCCCCCCC)CCCCCCCCCC)c(-c6cc7sc8ccsc8c7s6)s5)sc4c3s2)sc1-c1cc2sc3ccsc3c2s1,-5.136,-2.6253,2.5126
CCCCCCCCCCC(CCCCCCCC)Cc1cc(-c2cc3c4nsnc4c4cc(-c5cc(CC(CCCCCCCC)CCCCCCCCCC)c(-c6ccc7ccc8cccc9ccc6c7c89)s5)sc4c3s2)sc1-c1ccc2ccc3cccc4ccc1c2c34,-5.345,-2.5224,2.8159
CCCCCCCCCCC(CCCCCCCC)Cc1cc(-c2cc3c4nsnc4c4cc(-c5cc(CC(CCCCCCCC)CCCCCCCCCC)c(C#CCCCCCCCCCCCCCCCCCC(=O)O)s5)sc4c3s2)sc1C#CCCCCCCCCCCCCCCCCCC(=O)O,-5.3713,-2.5887,2.7878
CCCCCCCCCCC(CCCCCCCC)Cc1cc(-c2cc3c4nsnc4c4cc(-c5cc(CC(CCCCCCCC)CCCCCCCCCC)c(C#Cc6ccc(C7=C8C(C)=CC(C)=[N+]8[B-](F)(F)n8c(C)cc(C)c87)cc6)s5)sc4c3s2)sc1C#Cc1ccc(C2=C3C(C)=CC(C)=[N+]3[B-](F)(F)n3c(C)cc(C)c32)cc1,-4.7562,-3.1981,1.5576
CCCCCCCCCCC(CCCCCCCC)Cc1cc(-c2cc3c4nsnc4c4cc(-c5cc(CC(CCCCCCCC)CCCCCCCCCC)c(C#Cc6cccc7cnccc67)s5)sc4c3s2)sc1C#Cc1cccc2cnccc12,-5.3981,-2.8844,2.5134
CCCCCCCCCCCCOc1cc(-n2c3cc(-c4c(C)cccc4CC)sc3c3sc(-c4c(C)cccc4CC)cc32)cc(OCCCCCCCCCCCC)c1OCCCCCCCCCCCC,-5.4223,-1.1821,4.252
CCCCCCCCCCCCOc1cc(-n2c3cc(-c4c(C)ccnc4OC)sc3c3sc(-c4c(C)ccnc4OC)cc32)cc(OCCCCCCCCCCCC)c1OCCCCCCCCCCCC,-5.3453,-1.4045,3.9411
CCCCCCCCCCCCOc1cc(-n2c3cc(-c4c(Cl)cncc4[N+](=O)[O-])sc3c3sc(-c4c(Cl)cncc4[N+](=O)[O-])cc32)cc(OCCCCCCCCCCCC)c1OCCCCCCCCCCCC,-5.9552,-3.2315,2.7261
CCCCCCCCCCCCOc1cc(-n2c3cc(-c4cc(C#N)cc([N+](=O)[O-])c4)sc3c3sc(-c4cc(C#N)cc([N+](=O)[O-])c4)cc32)cc(OCCCCCCCCCCCC)c1OCCCCCCCCCCCC,-6.1066,-3.4241,2.6825
CCCCCCCCCCCCOc1cc(-n2c3cc(-c4cc(C(=O)O)ccc4C#N)sc3c3sc(-c4cc(C(=O)O)ccc4C#N)cc32)cc(OCCCCCCCCCCCC)c1OCCCCCCCCCCCC,-5.9289,-3.1264,2.8111
CCCCCCCCCCCCOc1cc(-n2c3cc(-c4cc(C(=O)OC)c(O)cc4O)sc3c3sc(-c4cc(C(=O)OC)c(O)cc4O)cc32)cc(OCCCCCCCCCCCC)c1OCCCCCCCCCCCC,-5.7644,-2.2415,3.5144
CCCCCCCCCCCCOc1cc(-n2c3cc(-c4cc(C)c(F)cc4C(=O)OC)sc3c3sc(-c4cc(C)c(F)cc4C(=O)OC)cc32)cc(OCCCCCCCCCCCC)c1OCCCCCCCCCCCC,-5.5837,-1.9025,3.6787
CCCCCCCCCCCCOc1cc(-n2c3cc(-c4cc(CC(=O)O)ccc4O)sc3c3sc(-c4cc(CC(=O)O)ccc4O)cc32)cc(OCCCCCCCCCCCC)c1OCCCCCCCCCCCC,-5.67,-1.9783,3.6913
CCCCCCCCCCCCOc1cc(-n2c3cc(-c4cc(F)c(F)cc4N)sc3c3sc(-c4cc(F)c(F)cc4N)cc32)cc(OCCCCCCCCCCCC)c1OCCCCCCCCCCCC,-5.3867,-1.8134,3.5771
CCCCCCCCCCCCOc1cc(-n2c3cc(-c4cc(F)ccc4C(=O)O)sc3c3sc(-c4cc(F)ccc4C(=O)O)cc32)cc(OCCCCCCCCCCCC)c1OCCCCCCCCCCCC,-5.7896,-2.2746,3.5118
CCCCCCCCCCCCOc1cc(-n2c3cc(-c4cc5ccsc5s4)sc3c3sc(-c4cc5ccsc5s4)cc32)cc(OCCCCCCCCCCCC)c1OCCCCCCCCCCCC,-5.3829,-1.7276,3.6468
CCCCCCCCCCCCOc1cc(-n2c3cc(-c4ccc(-c5ccc(C(=O)OC)cc5)c5nsnc45)sc3c3sc(-c4ccc(-c5ccc(C(=O)OC)cc5)c5nsnc45)cc32)cc(OCCCCCCCCCCCC)c1OCCCCCCCCCCCC,-5.2583,-3.3082,1.9559
CCCCCCCCCCCCOc1cc(-n2c3cc(-c4ccc(-c5cccc(F)c5)cc4)sc3c3sc(-c4ccc(-c5cccc(F)c5)cc4)cc32)cc(OCCCCCCCCCCCC)c1OCCCCCCCCCCCC,-5.5536,-2.0506,3.499
CCCCCCCCCCCCOc1cc(-n2c3cc(-c4ccc(C#CBr)cc4)sc3c3sc(-c4ccc(C#CBr)cc4)cc32)cc(OCCCCCCCCCCCC)c1OCCCCCCCCCCCC,-5.529,-2.2035,3.3197
CCCCCCCCCCCCOc1cc(-n2c3cc(-c4ccc(C#CCO)nc4C)sc3c3sc(-c4ccc(C#CCO)nc4C)cc32)cc(OCCCCCCCCCCCC)c1OCCCCCCCCCCCC,-5.7117,-2.2731,3.4303
CCCCCCCCCCCCOc1cc(-n2c3cc(-c4ccc(C#N)[nH]c4=O)sc3c3sc(-c4ccc(C#N)[nH]c4=O)cc32)cc(OCCCCCCCCCCCC)c1OCCCCCCCCCCCC,-5.713,-2.9847,2.7261
CCCCCCCCCCCCOc1cc(-n2c3cc(-c4ccc(C(=O)O)c(Cl)n4)sc3c3sc(-c4ccc(C(=O)O)c(Cl)n4)cc32)cc(OCCCCCCCCCCCC)c1OCCCCCCCCCCCC,-5.6681,-2.8775,2.7961
CCCCCCCCCCCCOc1cc(-n2c3cc(-c4ccc(C(=O)OC)[nH]c4=O)sc3c3sc(-c4ccc(C(=O)OC)[nH]c4=O)cc32)cc(OCCCCCCCCCCCC)c1OCCCCCCCCCCCC,-5.2918,-2.728,2.5745
CCCCCCCCCCCCOc1cc(-n2c3cc(-c4ccc(C(=O)OC)cc4[N+](=O)[O-])sc3c3sc(-c4ccc(C(=O)OC)cc4[N+](=O)[O-])cc32)cc(OCCCCCCCCCCCC)c1OCCCCCCCCCCCC,-5.7214,-3.2734,2.4502
CCCCCCCCCCCCOc1cc(-n2c3cc(-c4ccc(C=O)c(F)c4)sc3c3sc(-c4ccc(C=O)c(F)c4)cc32)cc(OCCCCCCCCCCCC)c1OCCCCCCCCCCCC,-5.8082,-2.807,3.0025
CCCCCCCCCCCCOc1cc(-n2c3cc(-c4ccc(CC[C@H](NC(=O)OCC5c6ccccc6-c6ccccc65)C(=O)O)cc4)sc3c3sc(-c4ccc(CC[C@H](NC(=O)OCC5c6ccccc6-c6ccccc65)C(=O)O)cc4)cc32)cc(OCCCCCCCCCCCC)c1OCCCCCCCCCCCC,-5.7606,-1.542,4.2073
CCCCCCCCCCCCOc1cc(-n2c3cc(-c4ccc(N5CCC(=O)NC5=O)cc4OC)sc3c3sc(-c4ccc(N5CCC(=O)NC5=O)cc4OC)cc32)cc(OCCCCCCCCCCCC)c1OCCCCCCCCCCCC,-5.528,-1.8479,3.6777
CCCCCCCCCCCCOc1cc(-n2c3cc(-c4ccc(OC)c(C(C)(C)C)c4)sc3c3sc(-c4ccc(OC)c(C(C)(C)C)c4)cc32)cc(OCCCCCCCCCCCC)c1OCCCCCCCCCCCC,-5.29,-1.377,3.9161
CCCCCCCCCCCCOc1cc(-n2c3cc(-c4ccc(OCc5ccccc5)cc4F)sc3c3sc(-c4ccc(OCc5ccccc5)cc4F)cc32)cc(OCCCCCCCCCCCC)c1OCCCCCCCCCCCC,-5.3,-1.5503,3.7575
CCCCCCCCCCCCOc1cc(-n2c3cc(-c4ccc([C@H]5CC[C@H](CCC)CC5)cc4)sc3c3sc(-c4ccc([C@H]5CC[C@H](CCC)CC5)cc4)cc32)cc(OCCCCCCCCCCCC)c1OCCCCCCCCCCCC,-5.2993,-1.5346,3.7671
CCCCCCCCCCCCOc1cc(-n2c3cc(-c4ccc([N+](=O)[O-])c(OC)c4)sc3c3sc(-c4ccc([N+](=O)[O-])c(OC)c4)cc32)cc(OCCCCCCCCCCCC)c1OCCCCCCCCCCCC,-5.892,-2.8903,3.0
CCCCCCCCCCCCOc1cc(-n2c3cc(-c4ccc5cc6c[nH]cc6cc5c4)sc3c3sc(-c4ccc5cc6c[nH]cc6cc5c4)cc32)cc(OCCCCCCCCCCCC)c1OCCCCCCCCCCCC,-4.9857,-1.7767,3.1952
CCCCCCCCCCCCOc1cc(-n2c3cc(-c4ccc5cc[nH]c5c4)sc3c3sc(-c4ccc5cc[nH]c5c4)cc32)cc(OCCCCCCCCCCCC)c1OCCCCCCCCCCCC,-5.1971,-1.6291,3.5634
CCCCCCCCCCCCOc1cc(-n2c3cc(-c4ccc5nccn5c4)sc3c3sc(-c4ccc5nccn5c4)cc32)cc(OCCCCCCCCCCCC)c1OCCCCCCCCCCCC,-5.3572,-1.7638,3.5837
CCCCCCCCCCCCOc1cc(-n2c3cc(-c4ccc5ncnn5c4)sc3c3sc(-c4ccc5ncnn5c4)cc32)cc(OCCCCCCCCCCCC)c1OCCCCCCCCCCCC,-5.5455,-2.1698,3.369
CCCCCCCCCCCCOc1cc(-n2c3cc(-c4cccc(C(N)CC(=O)O)c4)sc3c3sc(-c4cccc(C(N)CC(=O)O)c4)cc32)cc(OCCCCCCCCCCCC)c1OCCCCCCCCCCCC,-5.7396,-1.789,3.9494
CCCCCCCCCCCCOc1cc(-n2c3cc(-c4cccc(F)c4)sc3c3sc(-c4cccc(F)c4)cc32)cc(OCCCCCCCCCCCC)c1OCCCCCCCCCCCC,-5.5384,-1.8671,3.671
CCCCCCCCCCCCOc1cc(-n2c3cc(-c4cccc(NC(=O)OC(C)(C)C)c4)sc3c3sc(-c4cccc(NC(=O)OC(C)(C)C)c4)cc32)cc(OCCCCCCCCCCCC)c1OCCCCCCCCCCCC,-5.5102,-1.6553,3.8471
CCCCCCCCCCCCOc1cc(-n2c3cc(-c4cccc5ccoc45)sc3c3sc(-c4cccc5ccoc45)cc32)cc(OCCCCCCCCCCCC)c1OCCCCCCCCCCCC,-5.4992,-1.4943,3.9985
CCCCCCCCCCCCOc1cc(-n2c3cc(-c4cccn5ncc(C#N)c45)sc3c3sc(-c4cccn5ncc(C#N)c45)cc32)cc(OCCCCCCCCCCCC)c1OCCCCCCCCCCCC,-5.6367,-2.3332,3.2925
CCCCCCCCCCCCOc1cc(-n2c3cc(-c4ccnc(C(=O)OCC)c4)sc3c3sc(-c4ccnc(C(=O)OCC)c4)cc32)cc(OCCCCCCCCCCCC)c1OCCCCCCCCCCCC,-5.7161,-2.4932,3.2242
CCCCCCCCCCCCOc1cc(-n2c3cc(-c4ccnc(Cl)c4C)sc3c3sc(-c4ccnc(Cl)c4C)cc32)cc(OCCCCCCCCCCCC)c1OCCCCCCCCCCCC,-5.7778,-2.1299,3.6435
CCCCCCCCCCCCOc1cc(-n2c3cc(-c4ccnc(Cl)c4OC)sc3c3sc(-c4ccnc(Cl)c4OC)cc32)cc(OCCCCCCCCCCCC)c1OCCCCCCCCCCCC,-5.7795,-2.1808,3.5937
CCCCCCCCCCCCOc1cc(-n2c3cc(-c4cnc(OC)c5cc[nH]c45)sc3c3sc(-c4cnc(OC)c5cc[nH]c45)cc32)cc(OCCCCCCCCCCCC)c1OCCCCCCCCCCCC,-5.406,-1.3205,4.0698
CCCCCCCCCCCCOc1cc(-n2c3cc(-c4cnc5c(c4)NC(=O)C5)sc3c3sc(-c4cnc5c(c4)NC(=O)C5)cc32)cc(OCCCCCCCCCCCC)c1OCCCCCCCCCCCC,-5.6236,-2.0967,3.5192
CCCCCCCCCCCCOc1cc(-n2c3cc(-c4cnc5cc(Cl)ccn45)sc3c3sc(-c4cnc5cc(Cl)ccn45)cc32)cc(OCCCCCCCCCCCC)c1OCCCCCCCCCCCC,-5.3736,-2.0292,3.3354
CCCCCCCCCCCCOc1cc(-n2c3cc(-c4csc5cnc(Cl)nc45)sc3c3sc(-c4csc5cnc(Cl)nc45)cc32)cc(OCCCCCCCCCCCC)c1OCCCCCCCCCCCC,-5.8395,-2.3393,3.4859
CCCCCCCCCCCCOc1cc(-n2c3cc(-c4nccc(Cl)c4[N+](=O)[O-])sc3c3sc(-c4nccc(Cl)c4[N+](=O)[O-])cc32)cc(OCCCCCCCCCCCC)c1OCCCCCCCCCCCC,-5.9559,-3.002,2.955
CCCCCCCCCCCCOc1cc(-n2c3cc(-c4ncccc4F)sc3c3sc(-c4ncccc4F)cc32)cc(OCCCCCCCCCCCC)c1OCCCCCCCCCCCC,-5.4732,-1.9686,3.502
CCCCCCCCCOc1ccc(C=C2C(=O)c3cscc3C2=O)cc1,-6.5199,-2.7306,3.7888
CCCCCOc1ccc(C=C2C(=O)c3cscc3C2=O)cc1OCC,-6.2273,-2.7167,3.5074
CCC[C@H]1CC[C@H](c2ccc(-c3c(OC)ccc4ccccc34)cc2)CC1,-5.8082,-1.2179,4.5963
CCC[C@H]1CC[C@H](c2ccc(-c3c4c(c(-c5ccc([C@H]6CC[C@H](CCC)CC6)cc5)c5nsnc35)N=S=N4)cc2)CC1,-5.7445,-3.2706,2.4719
CCC[C@H]1CC[C@H](c2ccc(-c3cc(C=O)c(F)cc3C)cc2)CC1,-6.7772,-1.9679,4.8088
CCC[C@H]1CC[C@H](c2ccc(-c3cc4[se]ccc4s3)cc2)CC1,-5.6874,-1.482,4.2091
CCC[C@H]1CC[C@H](c2ccc(-c3cc4sc(-c5ccc([C@H]6CC[C@H](CCC)CC6)cc5)cc4s3)cc2)CC1,-5.5118,-1.5832,3.9242
CCC[C@H]1CC[C@H](c2ccc(-c3cc4sc5ccsc5c4s3)cc2)CC1,-5.606,-1.602,4.0051
CCC[C@H]1CC[C@H](c2ccc(-c3ccc(-c4ccc(-c5ccc(-c6ccc([C@H]7CC[C@H](CCC)CC7)cc6)s5)s4)s3)cc2)CC1,-5.1945,-1.954,3.2395
CCC[C@H]1CC[C@H](c2ccc(-c3ccc4ccc5cccc6ccc3c4c56)cc2)CC1,-5.6801,-1.8176,3.8628
CCC[C@H]1CC[C@H](c2ccc(C#CCCCCCCCCCCCCCCCCCC(=O)O)cc2)CC1,-6.2593,-0.8144,5.4444
CCC[C@H]1CC[C@H](c2ccc(C#Cc3ccc(C4=C5C(C)=CC(C)=[N+]5[B-](F)(F)n5c(C)cc(C)c54)cc3)cc2)CC1,-5.4037,-2.0957,3.3024
CCC[C@H]1CC[C@H](c2ccc(C#Cc3cccc4cnccc34)cc2)CC1,-6.0443,-2.0696,3.9744
CCOC(=O)CCc1ccc(C=C2C(=O)c3cscc3C2=O)cc1,-6.9058,-2.8662,4.0402
CCOC(=O)c1cc(-c2c(OC)ccc3ccccc23)ccn1,-6.2359,-1.7732,4.4593
CCOC(=O)c1cc(-c2c3c(c(-c4ccnc(C(=O)OCC)c4)c4nsnc24)N=S=N3)ccn1,-6.6405,-3.3442,3.306
CCOC(=O)c1cc(-c2cc(C=O)c(F)cc2C)ccn1,-7.3736,-2.2412,5.1339
CCOC(=O)c1cc(-c2cc3[se]ccc3s2)ccn1,-6.1633,-2.2597,3.8998
CCOC(=O)c1cc(-c2cc3sc(-c4ccnc(C(=O)OCC)c4)cc3s2)ccn1,-6.2318,-2.5342,3.693
CCOC(=O)c1cc(-c2cc3sc4ccsc4c3s2)ccn1,-6.0249,-2.3454,3.6749
CCOC(=O)c1cc(-c2ccc(-c3ccc(-c4ccc(-c5ccnc(C(=O)OCC)c5)s4)s3)s2)ccn1,-5.7328,-2.605,3.1276
CCOC(=O)c1cc(-c2ccc3ccc4cccc5ccc2c3c45)ccn1,-6.0119,-2.1325,3.8783
CCOC(=O)c1cc(C#CCCCCCCCCCCCCCCCCCC(=O)O)ccn1,-7.1111,-1.8205,5.2862
CCOC(=O)c1cc(C#Cc2ccc(C3=C4C(C)=CC(C)=[N+]4[B-](F)(F)n4c(C)cc(C)c43)cc2)ccn1,-5.6584,-2.5256,3.1302
CCOC(=O)c1cc(C#Cc2cccc3cnccc23)ccn1,-6.5155,-2.4633,4.052
CCc1cccc(C)c1-c1c(OC)ccc2ccccc12,-5.9257,-1.0678,4.8584
CCc1cccc(C)c1-c1c2c(c(-c3c(C)cccc3CC)c3nsnc13)N=S=N2,-5.9528,-3.1858,2.767
CCc1cccc(C)c1-c1cc(C=O)c(F)cc1C,-6.9533,-1.9617,4.9893
CCc1cccc(C)c1-c1cc2[se]ccc2s1,-5.8715,-1.1855,4.684
CCc1cccc(C)c1-c1cc2sc(-c3c(C)cccc3CC)cc2s1,-5.7326,-1.2203,4.5131
CCc1cccc(C)c1-c1cc2sc3ccsc3c2s1,-5.7071,-1.3664,4.3404
CCc1cccc(C)c1-c1ccc(-c2ccc(-c3ccc(-c4c(C)cccc4CC)s3)s2)s1,-5.3038,-1.8597,3.4403
CCc1cccc(C)c1-c1ccc2ccc3cccc4ccc1c2c34,-5.7319,-1.8008,3.9315
CCc1cccc(C)c1C#CCCCCCCCCCCCCCCCCCC(=O)O,-6.4256,-0.6286,5.7974
CCc1cccc(C)c1C#Cc1ccc(C2=C3C(C)=CC(C)=[N+]3[B-](F)(F)n3c(C)cc(C)c32)cc1,-5.4676,-2.1499,3.3103
CCc1cccc(C)c1C#Cc1cccc2cnccc12,-6.1508,-2.1356,4.0147
CN(C)c1ccc(C=C2C(=O)c3cscc3C2=O)cc1[N+](=O)[O-],-6.5457,-2.7263,3.8157
COC(=O)c1cc(-c2c(OC)ccc3ccccc23)c(O)cc1O,-6.1311,-1.6655,4.4665
COC(=O)c1cc(-c2c3c(c(-c4cc(C(=O)OC)c(O)cc4O)c4nsnc24)N=S=N3)c(O)cc1O,-6.3195,-3.4341,2.8859
COC(=O)c1cc(-c2cc(C=O)c(F)cc2C)c(O)cc1O,-6.7346,-2.2454,4.4896
COC(=O)c1cc(-c2cc3[se]ccc3s2)c(O)cc1O,-6.0161,-2.0722,3.9454
COC(=O)c1cc(-c2cc3sc(-c4cc(C(=O)OC)c(O)cc4O)cc3s2)c(O)cc1O,-5.9974,-2.2838,3.7163
COC(=O)c1cc(-c2cc3sc4ccsc4c3s2)c(O)cc1O,-5.94,-2.1336,3.8061
COC(=O)c1cc(-c2ccc(-c3ccc(-c4ccc(-c5cc(C(=O)OC)c(O)cc5O)s4)s3)s2)c(O)cc1O,-5.7277,-2.4072,3.3181
COC(=O)c1cc(-c2ccc3ccc4cccc5ccc2c3c45)c(O)cc1O,-6.0456,-2.0882,3.959
COC(=O)c1cc(C#CCCCCCCCCCCCCCCCCCC(=O)O)c(O)cc1O,-6.1686,-1.6335,4.5285
COC(=O)c1cc(C#Cc2ccc(C3=C4C(C)=CC(C)=[N+]4[B-](F)(F)n4c(C)cc(C)c43)cc2)c(O)cc1O,-5.5807,-2.3864,3.1862
COC(=O)c1cc(C#Cc2cccc3cnccc23)c(O)cc1O,-6.1542,-2.3705,3.788
COC(=O)c1cc(F)c(C)cc1-c1c(OC)ccc2ccccc12,-6.0553,-1.4202,4.6365
COC(=O)c1cc(F)c(C)cc1-c1c2c(c(-c3cc(C)c(F)cc3C(=O)OC)c3nsnc13)N=S=N2,-6.2917,-3.2191,3.0799
COC(=O)c1cc(F)c(C)cc1-c1cc(C=O)c(F)cc1C,-7.0455,-2.0075,5.0378
COC(=O)c1cc(F)c(C)cc1-c1cc2[se]ccc2s1,-6.0244,-1.775,4.2485
COC(=O)c1cc(F)c(C)cc1-c1cc2sc(-c3cc(C)c(F)cc3C(=O)OC)cc2s1,-5.9611,-1.9197,4.0421
COC(=O)c1cc(F)c(C)cc1-c1cc2sc3ccsc3c2s1,-5.877,-1.8928,3.983
COC(=O)c1cc(F)c(C)cc1-c1ccc(-c2ccc(-c3ccc(-c4cc(C)c(F)cc4C(=O)OC)s3)s2)s1,-5.5601,-2.1139,3.4511
COC(=O)c1cc(F)c(C)cc1-c1ccc2ccc3cccc4ccc1c2c34,-5.8944,-1.9288,3.965
COC(=O)c1cc(F)c(C)cc1C#CCCCCCCCCCCCCCCCCCC(=O)O,-6.4866,-1.5427,4.9381
COC(=O)c1cc(F)c(C)cc1C#Cc1ccc(C2=C3C(C)=CC(C)=[N+]3[B-](F)(F)n3c(C)cc(C)c32)cc1,-5.5578,-2.3664,3.1853
COC(=O)c1cc(F)c(C)cc1C#Cc1cccc2cnccc12,-6.283,-2.3201,3.9614
COC(=O)c1ccc(-c2c(OC)ccc3ccccc23)c(=O)[nH]1,-5.8855,-2.1214,3.7622
COC(=O)c1ccc(-c2c(OC)ccc3ccccc23)c([N+](=O)[O-])c1,-6.198,-2.5265,3.6683
COC(=O)c1ccc(-c2c3c(c(-c4ccc(C(=O)OC)[nH]c4=O)c4nsnc24)N=S=N3)c(=O)[nH]1,-6.2109,-3.7084,2.509
COC(=O)c1ccc(-c2c3c(c(-c4ccc(C(=O)OC)cc4[N+](=O)[O-])c4nsnc24)N=S=N3)c([N+](=O)[O-])c1,-6.7613,-3.5075,3.2571
COC(=O)c1ccc(-c2cc(C=O)c(F)cc2C)c(=O)[nH]1,-6.7939,-2.6264,4.1644
COC(=O)c1ccc(-c2cc(C=O)c(F)cc2C)c([N+](=O)[O-])c1,-7.4355,-2.7514,4.6829
COC(=O)c1ccc(-c2cc3[se]ccc3s2)c(=O)[nH]1,-5.7858,-2.4535,3.3315
COC(=O)c1ccc(-c2cc3[se]ccc3s2)c([N+](=O)[O-])c1,-6.1657,-2.7596,3.3992
COC(=O)c1ccc(-c2cc3sc(-c4ccc(C(=O)OC)[nH]c4=O)cc3s2)c(=O)[nH]1,-5.6168,-2.8555,2.7639
COC(=O)c1ccc(-c2cc3sc(-c4ccc(C(=O)OC)cc4[N+](=O)[O-])cc3s2)c([N+](=O)[O-])c1,-6.2027,-3.0038,3.1939
COC(=O)c1ccc(-c2cc3sc4ccsc4c3s2)c(=O)[nH]1,-5.7202,-2.5181,3.2002
COC(=O)c1ccc(-c2cc3sc4ccsc4c3s2)c([N+](=O)[O-])c1,-6.0312,-2.8128,3.2112
COC(=O)c1ccc(-c2ccc(-c3c(OC)ccc4ccccc34)c3nsnc23)cc1,-5.9378,-2.5506,3.3855
COC(=O)c1ccc(-c2ccc(-c3c4c(c(-c5ccc(-c6ccc(C(=O)OC)cc6)c6nsnc56)c5nsnc35)N=S=N4)c3nsnc23)cc1,-6.1044,-3.2389,2.8683
COC(=O)c1ccc(-c2ccc(-c3cc(C=O)c(F)cc3C)c3nsnc23)cc1,-6.7246,-2.7961,3.927
COC(=O)c1ccc(-c2ccc(-c3cc4[se]ccc4s3)c3nsnc23)cc1,-5.8068,-2.928,2.8754
COC(=O)c1ccc(-c2ccc(-c3cc4sc(-c5ccc(-c6ccc(C(=O)OC)cc6)c6nsnc56)cc4s3)c3nsnc23)cc1,-5.5919,-3.0305,2.5599
COC(=O)c1ccc(-c2ccc(-c3cc4sc5ccsc5c4s3)c3nsnc23)cc1,-5.7347,-2.9588,2.7711
COC(=O)c1ccc(-c2ccc(-c3ccc(-c4ccc(-c5ccc(-c6ccc(-c7ccc(C(=O)OC)cc7)c7nsnc67)s5)s4)s3)c3nsnc23)cc1,-5.2895,-3.0273,2.264
COC(=O)c1ccc(-c2ccc(-c3ccc(-c4ccc(-c5ccc(C(=O)OC)[nH]c5=O)s4)s3)s2)c(=O)[nH]1,-5.3582,-2.9083,2.4538
COC(=O)c1ccc(-c2ccc(-c3ccc(-c4ccc(-c5ccc(C(=O)OC)cc5[N+](=O)[O-])s4)s3)s2)c([N+](=O)[O-])c1,-5.75,-2.9002,2.8487
COC(=O)c1ccc(-c2ccc(-c3ccc4ccc5cccc6ccc3c4c56)c3nsnc23)cc1,-5.8368,-2.6869,3.1457
COC(=O)c1ccc(-c2ccc(C#CCCCCCCCCCCCCCCCCCC(=O)O)c3nsnc23)cc1,-6.221,-2.8273,3.398
COC(=O)c1ccc(-c2ccc(C#Cc3ccc(C4=C5C(C)=CC(C)=[N+]5[B-](F)(F)n5c(C)cc(C)c54)cc3)c3nsnc23)cc1,-5.4703,-3.0116,2.4555
COC(=O)c1ccc(-c2ccc(C#Cc3cccc4cnccc34)c3nsnc23)cc1,-6.1257,-2.9573,3.1657
COC(=O)c1ccc(-c2ccc3ccc4cccc5ccc2c3c45)c(=O)[nH]1,-5.7981,-2.4457,3.3539
COC(=O)c1ccc(-c2ccc3ccc4cccc5ccc2c3c45)c([N+](=O)[O-])c1,-6.0472,-2.6083,3.4322
COC(=O)c1ccc(C#CCCCCCCCCCCCCCCCCCC(=O)O)c(=O)[nH]1,-6.0689,-2.1048,3.9616
COC(=O)c1ccc(C#CCCCCCCCCCCCCCCCCCC(=O)O)c([N+](=O)[O-])c1,-7.2452,-2.8076,4.4417
COC(=O)c1ccc(C#Cc2ccc(C3=C4C(C)=CC(C)=[N+]4[B-](F)(F)n4c(C)cc(C)c43)cc2)c(=O)[nH]1,-5.4141,-2.7483,2.6636
COC(=O)c1ccc(C#Cc2ccc(C3=C4C(C)=CC(C)=[N+]4[B-](F)(F)n4c(C)cc(C)c43)cc2)c([N+](=O)[O-])c1,-5.6743,-3.005,2.6683
COC(=O)c1ccc(C#Cc2cccc3cnccc23)c(=O)[nH]1,-6.0215,-2.7488,3.2715
COC(=O)c1ccc(C#Cc2cccc3cnccc23)c([N+](=O)[O-])c1,-6.508,-3.031,3.4752
COC(=O)c1ccc(C=C2C(=O)c3cscc3C2=O)s1,-6.9775,-3.1126,3.8685
COC(=O)c1csc(C=C2C(=O)c3cscc3C2=O)c1,-6.976,-3.0329,3.9447
COc1c(-c2c3c(c(-c4ccnc(Cl)c4OC)c4nsnc24)N=S=N3)ccnc1Cl,-6.507,-3.5037,3.0099
COc1c(-c2cc(C=O)c(F)cc2C)ccnc1Cl,-7.2225,-2.2045,5.0157
COc1c(-c2cc3[se]ccc3s2)ccnc1Cl,-6.1881,-1.9848,4.2031
COc1c(-c2cc3sc(-c4ccnc(Cl)c4OC)cc3s2)ccnc1Cl,-6.2063,-2.3352,3.8672
COc1c(-c2cc3sc4ccsc4c3s2)ccnc1Cl,-6.0464,-2.0827,3.964
COc1c(-c2ccc(-c3ccc(-c4ccc(-c5ccnc(Cl)c5OC)s4)s3)s2)ccnc1Cl,-5.7795,-2.5379,3.2392
COc1c(-c2ccc3ccc4cccc5ccc2c3c45)ccnc1Cl,-6.0571,-2.1255,3.928
COc1c(C#CCCCCCCCCCCCCCCCCCC(=O)O)ccnc1Cl,-6.7174,-1.61,5.1045
COc1c(C#Cc2ccc(C3=C4C(C)=CC(C)=[N+]4[B-](F)(F)n4c(C)cc(C)c43)cc2)ccnc1Cl,-5.6952,-2.5104,3.1756
COc1c(C#Cc2cccc3cnccc23)ccnc1Cl,-6.4771,-2.4931,3.9835
COc1cc(-c2c(OC)ccc3ccccc23)ccc1[N+](=O)[O-],-6.2547,-2.3209,3.9337
COc1cc(-c2c3c(c(-c4ccc([N+](=O)[O-])c(OC)c4)c4nsnc24)N=S=N3)ccc1[N+](=O)[O-],-6.5557,-3.24,3.3166
COc1cc(-c2cc(C=O)c(F)cc2C)ccc1[N+](=O)[O-],-7.2342,-2.6128,4.6236
COc1cc(-c2cc3[se]ccc3s2)ccc1[N+](=O)[O-],-6.2024,-2.5581,3.6427
COc1cc(-c2cc3sc(-c4ccc([N+](=O)[O-])c(OC)c4)cc3s2)ccc1[N+](=O)[O-],-6.2788,-2.7166,3.5619
COc1cc(-c2cc3sc4ccsc4c3s2)ccc1[N+](=O)[O-],-6.1045,-2.6098,3.4913
COc1cc(-c2ccc(-c3ccc(-c4ccc(-c5ccc([N+](=O)[O-])c(OC)c5)s4)s3)s2)ccc1[N+](=O)[O-],-5.8712,-2.6926,3.1757
COc1cc(-c2ccc3ccc4cccc5ccc2c3c45)ccc1[N+](=O)[O-],-6.1165,-2.4252,3.6868
COc1cc(C#CCCCCCCCCCCCCCCCCCC(=O)O)ccc1[N+](=O)[O-],-6.6672,-2.5453,4.1238
COc1cc(C#Cc2ccc(C3=C4C(C)=CC(C)=[N+]4[B-](F)(F)n4c(C)cc(C)c43)cc2)ccc1[N+](=O)[O-],-5.6945,-2.8215,2.8692
COc1cc(C#Cc2cccc3cnccc23)ccc1[N+](=O)[O-],-6.3868,-2.7929,3.5907
COc1cc(N2CCC(=O)NC2=O)ccc1-c1c(OC)ccc2ccccc12,-6.0012,-1.4609,4.5404
COc1cc(N2CCC(=O)NC2=O)ccc1-c1c2c(c(-c3ccc(N4CCC(=O)NC4=O)cc3OC)c3nsnc13)N=S=N2,-5.9557,-3.3327,2.6256
COc1cc(N2CCC(=O)NC2=O)ccc1-c1cc(C=O)c(F)cc1C,-6.5821,-2.1672,4.4143
COc1cc(N2CCC(=O)NC2=O)ccc1-c1cc2[se]ccc2s1,-5.9374,-1.6416,4.2974
COc1cc(N2CCC(=O)NC2=O)ccc1-c1cc2sc(-c3ccc(N4CCC(=O)NC4=O)cc3OC)cc2s1,-5.8025,-1.8834,3.9121
COc1cc(N2CCC(=O)NC2=O)ccc1-c1cc2sc3ccsc3c2s1,-5.8398,-1.7745,4.0657
COc1cc(N2CCC(=O)NC2=O)ccc1-c1ccc(-c2ccc(-c3ccc(-c4ccc(N5CCC(=O)NC5=O)cc4OC)s3)s2)s1,-5.5138,-2.3238,3.1787
COc1cc(N2CCC(=O)NC2=O)ccc1-c1ccc2ccc3cccc4ccc1c2c34,-5.9175,-2.0585,3.8553
COc1cc(N2CCC(=O)NC2=O)ccc1C#CCCCCCCCCCCCCCCCCCC(=O)O,-6.0934,-1.1872,4.9088
COc1cc(N2CCC(=O)NC2=O)ccc1C#Cc1ccc(C2=C3C(C)=CC(C)=[N+]3[B-](F)(F)n3c(C)cc(C)c32)cc1,-5.5086,-2.3726,3.1218
COc1cc(N2CCC(=O)NC2=O)ccc1C#Cc1cccc2cnccc12,-6.0121,-2.3061,3.7063
COc1ccc(-c2c(OC)ccc3ccccc23)cc1C(C)(C)C,-5.7511,-1.1862,4.5663
COc1ccc(-c2c3c(c(-c4ccc(OC)c(C(C)(C)C)c4)c4nsnc24)N=S=N3)cc1C(C)(C)C,-5.6489,-3.3011,2.3471
COc1ccc(-c2cc(C=O)c(F)cc2C)cc1C(C)(C)C,-6.4852,-1.9332,4.5522
COc1ccc(-c2cc3[se]ccc3s2)cc1C(C)(C)C,-5.6162,-1.3702,4.2479
COc1ccc(-c2cc3sc(-c4ccc(OC)c(C(C)(C)C)c4)cc3s2)cc1C(C)(C)C,-5.4363,-1.4354,3.9961
COc1ccc(-c2cc3sc4ccsc4c3s2)cc1C(C)(C)C,-5.5577,-1.5152,4.0439
COc1ccc(-c2ccc(-c3ccc(-c4ccc(-c5ccc(OC)c(C(C)(C)C)c5)s4)s3)s2)cc1C(C)(C)C,-5.2138,-1.863,3.345
COc1ccc(-c2ccc3ccc4cccc5ccc2c3c45)cc1C(C)(C)C,-5.6544,-1.7984,3.8546
COc1ccc(C#CCCCCCCCCCCCCCCCCCC(=O)O)cc1C(C)(C)C,-6.013,-0.5859,5.4277
COc1ccc(C#Cc2ccc(C3=C4C(C)=CC(C)=[N+]4[B-](F)(F)n4c(C)cc(C)c43)cc2)cc1C(C)(C)C,-5.3536,-2.0368,3.3066
COc1ccc(C#Cc2cccc3cnccc23)cc1C(C)(C)C,-5.8985,-1.9892,3.908
COc1ccc2ccccc2c1-c1c(C)ccnc1OC,-5.9599,-1.0956,4.8664
COc1ccc2ccccc2c1-c1c(Cl)cncc1[N+](=O)[O-],-6.4917,-2.5944,3.8949
COc1ccc2ccccc2c1-c1cc(-c2c(OC)ccc3ccccc23)c(O)c([N+](=O)[O-])c1,-6.0443,-2.536,3.5121
COc1ccc2ccccc2c1-c1cc(C#N)cc([N+](=O)[O-])c1,-6.584,-2.8662,3.7149
COc1ccc2ccccc2c1-c1cc(C(=O)O)ccc1C#N,-6.4351,-2.3147,4.1218
COc1ccc2ccccc2c1-c1cc(C2CCCCC2)c(-c2c(OC)ccc3ccccc23)cc1C1CCCCC1,-5.7997,-1.2001,4.594
COc1ccc2ccccc2c1-c1cc(CC(=O)O)ccc1O,-6.0591,-1.3535,4.7095
COc1ccc2ccccc2c1-c1cc(F)c(F)cc1N,-5.8981,-1.4339,4.4699
COc1ccc2ccccc2c1-c1cc(F)ccc1C(=O)O,-6.1961,-1.6391,4.5567
COc1ccc2ccccc2c1-c1cc2ccccc2cc1-c1c(OC)ccc2ccccc12,-5.687,-1.4384,4.2444
COc1ccc2ccccc2c1-c1cc2ccsc2s1,-5.8446,-1.4564,4.3897
COc1ccc2ccccc2c1-c1ccc(-c2ccc(-c3c(OC)ccc4ccccc34)cc2)cc1,-5.7044,-1.4668,4.2319
COc1ccc2ccccc2c1-c1ccc(-c2cccc(F)c2)cc1,-5.9968,-1.502,4.4972
COc1ccc2ccccc2c1-c1ccc(C#CBr)cc1,-5.9618,-1.5386,4.424
COc1ccc2ccccc2c1-c1ccc(C#CCO)nc1C,-6.1622,-1.5569,4.6045
COc1ccc2ccccc2c1-c1ccc(C#N)[nH]c1=O,-6.2073,-2.3837,3.8209
COc1ccc2ccccc2c1-c1ccc(C(=O)O)c(Cl)n1,-6.1748,-2.1204,4.0561
COc1ccc2ccccc2c1-c1ccc(C=O)c(F)c1,-6.2681,-2.2065,4.0599
COc1ccc2ccccc2c1-c1ccc(CC[C@H](NC(=O)OCC2c3ccccc3-c3ccccc32)C(=O)O)cc1,-6.0868,-1.3354,4.7436
COc1ccc2ccccc2c1-c1ccc(OCc2ccccc2)cc1F,-5.912,-1.167,4.7464
COc1ccc2ccccc2c1-c1ccc(SSc2ccc(-c3c(OC)ccc4ccccc34)cc2)cc1,-5.9514,-1.4978,4.4544
COc1ccc2ccccc2c1-c1ccc2c(c1)C(C)(C)c1cc(-c3c(OC)ccc4ccccc34)c3ccccc3c1-2,-5.6171,-1.4997,4.1122
COc1ccc2ccccc2c1-c1ccc2c(c1)C(c1ccccc1)(c1ccccc1)c1cc(-c3c(OC)ccc4ccccc34)ccc1-2,-5.708,-1.6555,4.0491
COc1ccc2ccccc2c1-c1ccc2cc3c[nH]cc3cc2c1,-5.3885,-1.4935,3.8939
COc1ccc2ccccc2c1-c1ccc2cc[nH]c2c1,-5.646,-1.1784,4.4705
COc1ccc2ccccc2c1-c1ccc2nccn2c1,-5.8994,-1.5185,4.384
COc1ccc2ccccc2c1-c1ccc2ncnn2c1,-6.1494,-1.8161,4.3351
COc1ccc2ccccc2c1-c1cccc(C#Cc2cccc(-c3c(OC)ccc4ccccc34)c2)c1,-5.8844,-1.573,4.3078
COc1ccc2ccccc2c1-c1cccc(C(N)CC(=O)O)c1,-6.1147,-1.3559,4.7607
COc1ccc2ccccc2c1-c1cccc(CBr)c1-c1c(OC)ccc2ccccc12,-5.8489,-1.3284,4.5174
COc1ccc2ccccc2c1-c1cccc(F)c1,-6.0253,-1.3945,4.635
COc1ccc2ccccc2c1-c1cccc(NC(=O)OC(C)(C)C)c1,-5.9377,-1.2691,4.6697
COc1ccc2ccccc2c1-c1cccc2ccoc12,-5.9163,-1.1454,4.7734
COc1ccc2ccccc2c1-c1cccn2ncc(C#N)c12,-6.0963,-1.8906,4.2065
COc1ccc2ccccc2c1-c1ccnc(Cl)c1C,-6.2565,-1.4867,4.7705
COc1ccc2ccccc2c1-c1ccnc(Cl)c1OC,-6.2739,-1.5299,4.7458
COc1ccc2ccccc2c1-c1cnc(OC)c2cc[nH]c12,-5.8128,-1.0788,4.7344
COc1ccc2ccccc2c1-c1cnc2c(c1)NC(=O)C2,-6.0958,-1.6277,4.4707
COc1ccc2ccccc2c1-c1cnc2c(ccc3cc(-c4c(OC)ccc5ccccc45)cnc32)c1,-5.8598,-1.8951,3.9661
COc1ccc2ccccc2c1-c1cnc2cc(Cl)ccn12,-5.8139,-1.5085,4.3077
COc1ccc2ccccc2c1-c1csc2cnc(Cl)nc12,-6.3731,-1.8774,4.495
COc1ccc2ccccc2c1-c1nccc(Cl)c1[N+](=O)[O-],-6.4031,-2.394,4.0077
COc1ccc2ccccc2c1-c1ncccc1F,-5.9956,-1.4366,4.5622
COc1ncc(-c2c3c(c(-c4cnc(OC)c5cc[nH]c45)c4nsnc24)N=S=N3)c2[nH]ccc12,-5.7633,-3.1456,2.6116
COc1ncc(-c2cc(C=O)c(F)cc2C)c2[nH]ccc12,-6.2928,-1.8241,4.4676
COc1ncc(-c2cc3[se]ccc3s2)c2[nH]ccc12,-5.7319,-1.3159,4.4182
COc1ncc(-c2cc3sc(-c4cnc(OC)c5cc[nH]c45)cc3s2)c2[nH]ccc12,-5.5801,-1.3121,4.2608
COc1ncc(-c2cc3sc4ccsc4c3s2)c2[nH]ccc12,-5.6794,-1.4409,4.2399
COc1ncc(-c2ccc(-c3ccc(-c4ccc(-c5cnc(OC)c6cc[nH]c56)s4)s3)s2)c2[nH]ccc12,-5.3257,-1.7124,3.6072
COc1ncc(-c2ccc3ccc4cccc5ccc2c3c45)c2[nH]ccc12,-5.684,-1.7029,3.9809
COc1ncc(C#CCCCCCCCCCCCCCCCCCC(=O)O)c2[nH]ccc12,-5.8969,-0.8034,5.0885
COc1ncc(C#Cc2ccc(C3=C4C(C)=CC(C)=[N+]4[B-](F)(F)n4c(C)cc(C)c43)cc2)c2[nH]ccc12,-5.3817,-1.9535,3.4165
COc1ncc(C#Cc2cccc3cnccc23)c2[nH]ccc12,-5.9044,-1.8593,4.0449
COc1nccc(C)c1-c1c2c(c(-c3c(C)ccnc3OC)c3nsnc13)N=S=N2,-6.0288,-3.2063,2.8236
COc1nccc(C)c1-c1cc(C=O)c(F)cc1C,-6.9073,-1.9108,4.9932
COc1nccc(C)c1-c1cc2[se]ccc2s1,-5.823,-1.3593,4.4658
COc1nccc(C)c1-c1cc2sc(-c3c(C)ccnc3OC)cc2s1,-5.6821,-1.4043,4.2753
COc1nccc(C)c1-c1cc2sc3ccsc3c2s1,-5.6925,-1.5069,4.1878
COc1nccc(C)c1-c1ccc(-c2ccc(-c3ccc(-c4c(C)ccnc4OC)s3)s2)s1,-5.2415,-1.8701,3.3705
COc1nccc(C)c1-c1ccc2ccc3cccc4ccc1c2c34,-5.8265,-1.7719,4.0533
COc1nccc(C)c1C#CCCCCCCCCCCCCCCCCCC(=O)O,-6.348,-0.8791,5.4657
COc1nccc(C)c1C#Cc1ccc(C2=C3C(C)=CC(C)=[N+]3[B-](F)(F)n3c(C)cc(C)c32)cc1,-5.4396,-2.1305,3.2994
COc1nccc(C)c1C#Cc1cccc2cnccc12,-6.1233,-2.0834,4.0384
Cc1c(-c2c3c(c(-c4ccnc(Cl)c4C)c4nsnc24)N=S=N3)ccnc1Cl,-6.5769,-3.4973,3.0864
Cc1c(-c2cc3[se]ccc3s2)ccnc1Cl,-6.2149,-1.9247,4.2892
Cc1c(-c2cc3sc(-c4ccnc(Cl)c4C)cc3s2)ccnc1Cl,-6.2678,-2.2434,4.0183
Cc1c(-c2cc3sc4ccsc4c3s2)ccnc1Cl,-6.056,-2.0397,4.0157
Cc1c(-c2ccc(-c3ccc(-c4ccc(-c5ccnc(Cl)c5C)s4)s3)s2)ccnc1Cl,-5.7676,-2.466,3.3005
Cc1c(-c2ccc3ccc4cccc5ccc2c3c45)ccnc1Cl,-6.04,-2.0829,3.9538
Cc1c(C#CCCCCCCCCCCCCCCCCCC(=O)O)ccnc1Cl,-6.789,-1.5244,5.2606
Cc1c(C#Cc2cccc3cnccc23)ccnc1Cl,-6.4885,-2.4286,4.0595
Cc1c(F)ccc2c(C=C3C(=O)c4cscc4C3=O)c[nH]c12,-6.3137,-2.7231,3.5841
Cc1cc(C=C2C(=O)c3cscc3C2=O)cs1,-6.8071,-2.7989,4.0093
Cc1cc(F)c(C=C2C(=O)c3cscc3C2=O)cc1B(O)O,-7.0825,-3.0567,4.0298
Cc1cc(F)c(C=O)cc1-c1c(Cl)cncc1[N+](=O)[O-],-7.7073,-2.9111,4.7938
Cc1cc(F)c(C=O)cc1-c1cc(-c2cc(C=O)c(F)cc2C)c(O)c([N+](=O)[O-])c1,-7.2358,-2.9416,4.2939
Cc1cc(F)c(C=O)cc1-c1cc(C#N)cc([N+](=O)[O-])c1,-7.7653,-3.118,4.647
Cc1cc(F)c(C=O)cc1-c1cc(C(=O)O)ccc1C#N,-7.5528,-2.7757,4.782
Cc1cc(F)c(C=O)cc1-c1cc(C2CCCCC2)c(-c2cc(C=O)c(F)cc2C)cc1C1CCCCC1,-6.9751,-2.1944,4.7858
Cc1cc(F)c(C=O)cc1-c1cc(CC(=O)O)ccc1O,-6.6461,-2.1679,4.4781
Cc1cc(F)c(C=O)cc1-c1cc(F)c(F)cc1N,-6.397,-2.3688,4.0268
Cc1cc(F)c(C=O)cc1-c1cc(F)ccc1C(=O)O,-7.2498,-2.2061,5.0445
Cc1cc(F)c(C=O)cc1-c1cc2ccccc2cc1-c1cc(C=O)c(F)cc1C,-6.7047,-2.1901,4.5156
Cc1cc(F)c(C=O)cc1-c1cc2ccsc2s1,-6.4418,-2.124,4.3164
Cc1cc(F)c(C=O)cc1-c1ccc(-c2ccc(-c3cc(C=O)c(F)cc3C)cc2)cc1,-6.7912,-2.2947,4.5028
Cc1cc(F)c(C=O)cc1-c1ccc(-c2cccc(F)c2)cc1,-6.7922,-2.1818,4.6122
Cc1cc(F)c(C=O)cc1-c1ccc(C#CBr)cc1,-6.7232,-2.207,4.5143
Cc1cc(F)c(C=O)cc1-c1ccc(C#CCO)nc1C,-7.0332,-2.1151,4.9161
Cc1cc(F)c(C=O)cc1-c1ccc(C#N)[nH]c1=O,-7.2405,-2.956,4.2841
Cc1cc(F)c(C=O)cc1-c1ccc(C(=O)O)c(Cl)n1,-7.3893,-2.6532,4.7383
Cc1cc(F)c(C=O)cc1-c1ccc(C=O)c(F)c1,-7.3342,-2.6495,4.6855
Cc1cc(F)c(C=O)cc1-c1ccc(CC[C@H](NC(=O)OCC2c3ccccc3-c3ccccc32)C(=O)O)cc1,-6.6958,-1.8717,4.8218
Cc1cc(F)c(C=O)cc1-c1ccc(OCc2ccccc2)cc1F,-6.6728,-1.9711,4.7026
Cc1cc(F)c(C=O)cc1-c1ccc(SSc2ccc(-c3cc(C=O)c(F)cc3C)cc2)cc1,-6.9144,-2.286,4.6303
Cc1cc(F)c(C=O)cc1-c1ccc2c(c1)C(C)(C)c1cc(-c3cc(C=O)c(F)cc3C)c3ccccc3c1-2,-6.298,-2.2346,4.0605
Cc1cc(F)c(C=O)cc1-c1ccc2c(c1)C(c1ccccc1)(c1ccccc1)c1cc(-c3cc(C=O)c(F)cc3C)ccc1-2,-6.5922,-2.416,4.176
Cc1cc(F)c(C=O)cc1-c1ccc2cc3c[nH]cc3cc2c1,-5.7417,-2.0002,3.743
Cc1cc(F)c(C=O)cc1-c1ccc2cc[nH]c2c1,-6.1859,-1.9525,4.233
Cc1cc(F)c(C=O)cc1-c1ccc2nccn2c1,-6.4823,-2.1074,4.3737
Cc1cc(F)c(C=O)cc1-c1ccc2ncnn2c1,-6.9488,-2.3976,4.5526
Cc1cc(F)c(C=O)cc1-c1cccc(C#Cc2cccc(-c3cc(C=O)c(F)cc3C)c2)c1,-6.8886,-2.1743,4.723
Cc1cc(F)c(C=O)cc1-c1cccc(C(N)CC(=O)O)c1,-6.891,-2.1266,4.7665
Cc1cc(F)c(C=O)cc1-c1cccc(CBr)c1-c1cc(C=O)c(F)cc1C,-7.1501,-2.2195,4.9333
Cc1cc(F)c(C=O)cc1-c1cccc(F)c1,-7.1258,-2.2275,4.8964
Cc1cc(F)c(C=O)cc1-c1cccc(NC(=O)OC(C)(C)C)c1,-6.5475,-2.0662,4.4794
Cc1cc(F)c(C=O)cc1-c1cccc2ccoc12,-6.5978,-1.9164,4.6821
Cc1cc(F)c(C=O)cc1-c1cccn2ncc(C#N)c12,-6.7153,-2.4224,4.2902
Cc1cc(F)c(C=O)cc1-c1ccnc(Cl)c1C,-7.3206,-2.1346,5.1842
Cc1cc(F)c(C=O)cc1-c1cnc2c(c1)NC(=O)C2,-6.8598,-2.2771,4.5843
Cc1cc(F)c(C=O)cc1-c1cnc2c(ccc3cc(-c4cc(C=O)c(F)cc4C)cnc32)c1,-6.9682,-2.4758,4.498
Cc1cc(F)c(C=O)cc1-c1cnc2cc(Cl)ccn12,-6.4767,-2.2003,4.2715
Cc1cc(F)c(C=O)cc1-c1csc2cnc(Cl)nc12,-7.2063,-2.463,4.7414
Cc1cc(F)c(C=O)cc1-c1nccc(Cl)c1[N+](=O)[O-],-7.5394,-2.7475,4.7906
Cc1cc(F)c(C=O)cc1-c1ncccc1F,-7.1944,-2.2131,4.9818
Cc1nc(C#CCO)ccc1-c1c2c(c(-c3ccc(C#CCO)nc3C)c3nsnc13)N=S=N2,-6.4085,-3.4487,2.9629
Cc1nc(C#CCO)ccc1-c1cc2[se]ccc2s1,-6.0556,-1.9596,4.0921
Cc1nc(C#CCO)ccc1-c1cc2sc(-c3ccc(C#CCO)nc3C)cc2s1,-5.9915,-2.2158,3.7753
Cc1nc(C#CCO)ccc1-c1cc2sc3ccsc3c2s1,-5.9283,-2.0648,3.8601
Cc1nc(C#CCO)ccc1-c1ccc(-c2ccc(-c3ccc(-c4ccc(C#CCO)nc4C)s3)s2)s1,-5.6335,-2.3915,3.2445
Cc1nc(C#CCO)ccc1-c1ccc2ccc3cccc4ccc1c2c34,-5.9668,-2.0445,3.9199
Cc1nc(C#CCO)ccc1C#CCCCCCCCCCCCCCCCCCC(=O)O,-6.5156,-1.7361,4.7722
Cc1nc(C#CCO)ccc1C#Cc1cccc2cnccc12,-6.2798,-2.4431,3.8366
Clc1ccn2c(-c3c4c(c(-c5cnc6cc(Cl)ccn56)c5nsnc35)N=S=N4)cnc2c1,-5.96,-3.6357,2.3252
Clc1ccn2c(-c3cc4[se]ccc4s3)cnc2c1,-5.722,-1.8888,3.8357
Clc1ccn2c(-c3cc4sc(-c5cnc6cc(Cl)ccn56)cc4s3)cnc2c1,-5.5861,-2.2121,3.3616
Clc1ccn2c(-c3cc4sc5ccsc5c4s3)cnc2c1,-5.6758,-2.0004,3.6739
Clc1ccn2c(-c3ccc(-c4ccc(-c5ccc(-c6cnc7cc(Cl)ccn67)s5)s4)s3)cnc2c1,-5.3169,-2.4421,2.8674
Clc1ccn2c(-c3ccc4ccc5cccc6ccc3c4c56)cnc2c1,-5.7202,-2.119,3.5991
Clc1ccn2c(C#Cc3cccc4cnccc34)cnc2c1,-6.023,-2.3436,3.679
Clc1ncc2scc(-c3c4c(c(-c5csc6cnc(Cl)nc56)c5nsnc35)N=S=N4)c2n1,-6.5267,-3.5708,2.9603
Clc1ncc2scc(-c3cc4[se]ccc4s3)c2n1,-6.2326,-2.1578,4.0705
Clc1ncc2scc(-c3cc4sc(-c5csc6cnc(Cl)nc56)cc4s3)c2n1,-6.255,-2.4612,3.7884
Clc1ncc2scc(-c3cc4sc5ccsc5c4s3)c2n1,-6.1131,-2.2486,3.8575
Clc1ncc2scc(-c3ccc(-c4ccc(-c5ccc(-c6csc7cnc(Cl)nc67)s5)s4)s3)c2n1,-5.8825,-2.6585,3.224
Clc1ncc2scc(-c3ccc4ccc5cccc6ccc3c4c56)c2n1,-6.1587,-2.3264,3.8283
Clc1ncc2scc(C#Cc3cccc4cnccc34)c2n1,-6.4786,-2.5824,3.8946
Fc1cc(OCc2ccccc2)ccc1-c1c2c(c(-c3ccc(OCc4ccccc4)cc3F)c3nsnc13)N=S=N2,-5.8934,-3.2785,2.6184
Fc1cc(OCc2ccccc2)ccc1-c1cc2[se]ccc2s1,-5.7461,-1.4285,4.3216
Fc1cc(OCc2ccccc2)ccc1-c1cc2sc(-c3ccc(OCc4ccccc4)cc3F)cc2s1,-5.5412,-1.5269,4.0154
Fc1cc(OCc2ccccc2)ccc1-c1cc2sc3ccsc3c2s1,-5.6496,-1.5818,4.0723
Fc1cc(OCc2ccccc2)ccc1-c1ccc(-c2ccc(-c3ccc(-c4ccc(OCc5ccccc5)cc4F)s3)s2)s1,-5.2682,-1.959,3.312
Fc1cc(OCc2ccccc2)ccc1-c1ccc2ccc3cccc4ccc1c2c34,-5.7573,-1.83,3.9275
Fc1cc(OCc2ccccc2)ccc1C#Cc1cccc2cnccc12,-6.0065,-2.1309,3.8728
Fc1cccc(-c2c3c(c(-c4cccc(F)c4)c4nsnc24)N=S=N3)c1,-6.2635,-3.5802,2.6918
Fc1cccc(-c2cc3[se]ccc3s2)c1,-5.9747,-1.7649,4.2126
Fc1cccc(-c2cc3sc(-c4cccc(F)c4)cc3s2)c1,-5.932,-2.0562,3.8746
Fc1cccc(-c2cc3sc4ccsc4c3s2)c1,-5.8718,-1.8883,3.9863
Fc1cccc(-c2ccc(-c3c4c(c(-c5ccc(-c6cccc(F)c6)cc5)c5nsnc35)N=S=N4)cc2)c1,-6.0331,-3.4606,2.577
Fc1cccc(-c2ccc(-c3cc4[se]ccc4s3)cc2)c1,-5.9002,-1.8981,4.0045
Fc1cccc(-c2ccc(-c3cc4sc(-c5ccc(-c6cccc(F)c6)cc5)cc4s3)cc2)c1,-5.8548,-2.1756,3.6765
Fc1cccc(-c2ccc(-c3cc4sc5ccsc5c4s3)cc2)c1,-5.818,-1.9966,3.8226
Fc1cccc(-c2ccc(-c3ccc(-c4ccc(-c5ccc(-c6ccc(-c7cccc(F)c7)cc6)s5)s4)s3)cc2)c1,-5.5417,-2.3543,3.1816
Fc1cccc(-c2ccc(-c3ccc(-c4ccc(-c5cccc(F)c5)s4)s3)s2)c1,-5.5444,-2.3288,3.2143
Fc1cccc(-c2ccc(-c3ccc4ccc5cccc6ccc3c4c56)cc2)c1,-5.8784,-2.0322,3.8469
Fc1cccc(-c2ccc(C#Cc3cccc4cnccc34)cc2)c1,-6.1774,-2.3581,3.819
Fc1cccc(-c2ccc3ccc4cccc5ccc2c3c45)c1,-5.8735,-2.0363,3.8382
Fc1cccc(C#Cc2cccc3cnccc23)c1,-6.3025,-2.3308,3.9692
Fc1cccnc1-c1c2c(c(-c3ncccc3F)c3nsnc13)N=S=N2,-6.4603,-3.3168,3.1522
Fc1cccnc1-c1cc2[se]ccc2s1,-6.0025,-1.8924,4.1096
Fc1cccnc1-c1cc2sc(-c3ncccc3F)cc2s1,-5.9115,-2.1249,3.7836
Fc1cccnc1-c1cc2sc3ccsc3c2s1,-5.8744,-2.002,3.8719
Fc1cccnc1-c1ccc(-c2ccc(-c3ccc(-c4ncccc4F)s3)s2)s1,-5.4974,-2.3595,3.1442
Fc1cccnc1-c1ccc2ccc3cccc4ccc1c2c34,-5.7992,-2.0508,3.7486
Fc1cccnc1C#Cc1cccc2cnccc12,-6.4174,-2.369,4.0489
N#Cc1cc(-c2c3c(c(-c4cc(C#N)cc([N+](=O)[O-])c4)c4nsnc24)N=S=N3)cc([N+](=O)[O-])c1,-7.4235,-4.1392,3.277
N#Cc1cc(-c2cc3[se]ccc3s2)cc([N+](=O)[O-])c1,-6.5406,-3.0665,3.4692
N#Cc1cc(-c2cc3sc(-c4cc(C#N)cc([N+](=O)[O-])c4)cc3s2)cc([N+](=O)[O-])c1,-6.8028,-3.3587,3.4398
N#Cc1cc(-c2cc3sc4ccsc4c3s2)cc([N+](=O)[O-])c1,-6.4141,-3.0851,3.3241
N#Cc1cc(-c2ccc(-c3ccc(-c4ccc(-c5cc(C#N)cc([N+](=O)[O-])c5)s4)s3)s2)cc([N+](=O)[O-])c1,-6.3105,-3.244,3.061
N#Cc1cc(-c2ccc3ccc4cccc5ccc2c3c45)cc([N+](=O)[O-])c1,-6.3654,-2.9163,3.4462
N#Cc1cc(C#CCCCCCCCCCCCCCCCCCC(=O)O)cc([N+](=O)[O-])c1,-7.4709,-2.9508,4.5276
N#Cc1cc(C#Cc2cccc3cnccc23)cc([N+](=O)[O-])c1,-6.8379,-3.1097,3.7281
N#Cc1ccc(-c2c3c(c(-c4ccc(C#N)[nH]c4=O)c4nsnc24)N=S=N3)c(=O)[nH]1,-6.9608,-4.2654,2.6969
N#Cc1ccc(-c2cc3[se]ccc3s2)c(=O)[nH]1,-6.1673,-2.7095,3.4545
N#Cc1ccc(-c2cc3sc(-c4ccc(C#N)[nH]c4=O)cc3s2)c(=O)[nH]1,-6.271,-3.295,2.9733
N#Cc1ccc(-c2cc3sc4ccsc4c3s2)c(=O)[nH]1,-6.0997,-2.7818,3.3136
N#Cc1ccc(-c2ccc(-c3ccc(-c4ccc(-c5ccc(C#N)[nH]c5=O)s4)s3)s2)c(=O)[nH]1,-5.8353,-3.2426,2.5895
N#Cc1ccc(-c2ccc3ccc4cccc5ccc2c3c45)c(=O)[nH]1,-6.1179,-2.681,3.439
N#Cc1ccc(C#CCCCCCCCCCCCCCCCCCC(=O)O)c(=O)[nH]1,-6.4638,-2.3083,4.1521
N#Cc1ccc(C#Cc2cccc3cnccc23)c(=O)[nH]1,-6.4116,-2.9761,3.4348
N#Cc1ccc(C(=O)O)cc1-c1c2c(c(-c3cc(C(=O)O)ccc3C#N)c3nsnc13)N=S=N2,-7.0023,-3.8765,3.1362
N#Cc1ccc(C(=O)O)cc1-c1cc2[se]ccc2s1,-6.3778,-2.7054,3.6717
N#Cc1ccc(C(=O)O)cc1-c1cc2sc(-c3cc(C(=O)O)ccc3C#N)cc2s1,-6.5307,-3.2095,3.3248
N#Cc1ccc(C(=O)O)cc1-c1cc2sc3ccsc3c2s1,-6.2459,-2.785,3.4604
N#Cc1ccc(C(=O)O)cc1-c1ccc(-c2ccc(-c3ccc(-c4cc(C(=O)O)ccc4C#N)s3)s2)s1,-6.0439,-3.1764,2.8724
N#Cc1ccc(C(=O)O)cc1-c1ccc2ccc3cccc4ccc1c2c34,-6.2234,-2.6189,3.6079
N#Cc1ccc(C(=O)O)cc1C#CCCCCCCCCCCCCCCCCCC(=O)O,-7.1714,-2.3576,4.8182
N#Cc1ccc(C(=O)O)cc1C#Cc1cccc2cnccc12,-6.6942,-2.9349,3.7621
N#Cc1cnn2cccc(-c3c4c(c(-c5cccn6ncc(C#N)c56)c5nsnc35)N=S=N4)c12,-6.3358,-3.4957,2.8426
N#Cc1cnn2cccc(-c3cc4[se]ccc4s3)c12,-6.0095,-2.1569,3.8503
N#Cc1cnn2cccc(-c3cc4sc(-c5cccn6ncc(C#N)c56)cc4s3)c12,-5.9723,-2.474,3.4957
N#Cc1cnn2cccc(-c3cc4sc5ccsc5c4s3)c12,-5.9448,-2.2346,3.7059
N#Cc1cnn2cccc(-c3ccc(-c4ccc(-c5ccc(-c6cccn7ncc(C#N)c67)s5)s4)s3)c12,-5.6547,-2.6312,3.0214
N#Cc1cnn2cccc(-c3ccc4ccc5cccc6ccc3c4c56)c12,-5.9199,-2.2512,3.6689
N#Cc1cnn2cccc(C#CCCCCCCCCCCCCCCCCCC(=O)O)c12,-6.2669,-1.8586,4.4056
N#Cc1cnn2cccc(C#Cc3cccc4cnccc34)c12,-6.2383,-2.5542,3.6858
NC(CC(=O)O)c1cccc(-c2c3c(c(-c4cccc(C(N)CC(=O)O)c4)c4nsnc24)N=S=N3)c1,-6.163,-3.5265,2.6396
NC(CC(=O)O)c1cccc(-c2cc3[se]ccc3s2)c1,-6.0621,-1.6221,4.4434
NC(CC(=O)O)c1cccc(-c2cc3sc(-c4cccc(C(N)CC(=O)O)c4)cc3s2)c1,-6.0329,-1.8649,4.1617
NC(CC(=O)O)c1cccc(-c2cc3sc4ccsc4c3s2)c1,-5.985,-1.7501,4.2376
NC(CC(=O)O)c1cccc(-c2ccc(-c3ccc(-c4ccc(-c5cccc(C(N)CC(=O)O)c5)s4)s3)s2)c1,-5.7094,-2.2373,3.4635
NC(CC(=O)O)c1cccc(-c2ccc3ccc4cccc5ccc2c3c45)c1,-6.0104,-1.9956,4.0139
NC(CC(=O)O)c1cccc(C#CCCCCCCCCCCCCCCCCCC(=O)O)c1,-6.4399,-0.9301,5.5094
NC(CC(=O)O)c1cccc(C#Cc2cccc3cnccc23)c1,-6.3126,-2.2323,4.0788
Nc1cc(F)c(F)cc1-c1c2c(c(-c3cc(F)c(F)cc3N)c3nsnc13)N=S=N2,-6.0332,-3.5399,2.4971
Nc1cc(F)c(F)cc1-c1cc2[se]ccc2s1,-5.728,-1.6725,4.0629
Nc1cc(F)c(F)cc1-c1cc2sc(-c3cc(F)c(F)cc3N)cc2s1,-5.652,-1.9587,3.6945
Nc1cc(F)c(F)cc1-c1cc2sc3ccsc3c2s1,-5.667,-1.7811,3.8909
Nc1cc(F)c(F)cc1-c1ccc(-c2ccc(-c3ccc(-c4cc(F)c(F)cc4N)s3)s2)s1,-5.4632,-2.3593,3.1011
Nc1cc(F)c(F)cc1-c1ccc2ccc3cccc4ccc1c2c34,-5.8197,-2.0833,3.7368
Nc1cc(F)c(F)cc1C#CCCCCCCCCCCCCCCCCCC(=O)O,-5.8613,-0.928,4.9399
Nc1cc(F)c(F)cc1C#Cc1cccc2cnccc12,-5.9654,-2.3416,3.6255
Nc1ccc(C(F)(F)F)cc1C=C1C(=O)c2cscc2C1=O,-6.6182,-2.9243,3.6938
Nc1ncnc(Cl)c1C=C1C(=O)c2cscc2C1=O,-7.0029,-2.9369,4.0709
O=C(N[C@@H](CCc1ccc(-c2c3c(c(-c4ccc(CC[C@H](NC(=O)OCC5c6ccccc6-c6ccccc65)C(=O)O)cc4)c4nsnc24)N=S=N3)cc1)C(=O)O)OCC1c2ccccc2-c2ccccc21,-5.8531,-3.1561,2.6971
O=C(N[C@@H](CCc1ccc(-c2cc3[se]ccc3s2)cc1)C(=O)O)OCC1c2ccccc2-c2ccccc21,-6.0297,-1.5185,4.5078
O=C(N[C@@H](CCc1ccc(-c2cc3sc(-c4ccc(CC[C@H](NC(=O)OCC5c6ccccc6-c6ccccc65)C(=O)O)cc4)cc3s2)cc1)C(=O)O)OCC1c2ccccc2-c2ccccc21,-6.0167,-1.5347,4.4669
O=C(N[C@@H](CCc1ccc(-c2cc3sc4ccsc4c3s2)cc1)C(=O)O)OCC1c2ccccc2-c2ccccc21,-5.9468,-1.6179,4.3246
O=C(N[C@@H](CCc1ccc(-c2ccc(-c3ccc(-c4ccc(-c5ccc(CC[C@H](NC(=O)OCC6c7ccccc7-c7ccccc76)C(=O)O)cc5)s4)s3)s2)cc1)C(=O)O)OCC1c2ccccc2-c2ccccc21,-5.7011,-1.8497,3.8419
O=C(N[C@@H](CCc1ccc(-c2ccc3ccc4cccc5ccc2c3c45)cc1)C(=O)O)OCC1c2ccccc2-c2ccccc21,-5.9928,-1.8122,4.1762
O=C(N[C@@H](CCc1ccc(C#Cc2cccc3cnccc23)cc1)C(=O)O)OCC1c2ccccc2-c2ccccc21,-6.2144,-1.9831,4.2258
O=C(O)CCCCCCCCCCCCCCCCCC#Cc1c(Cl)cncc1[N+](=O)[O-],-7.3785,-2.8452,4.5397
O=C(O)CCCCCCCCCCCCCCCCCC#Cc1cc(C#CCCCCCCCCCCCCCCCCCC(=O)O)c(O)c([N+](=O)[O-])c1,-6.3757,-2.7261,3.6547
O=C(O)CCCCCCCCCCCCCCCCCC#Cc1cc(C2CCCCC2)c(C#CCCCCCCCCCCCCCCCCCC(=O)O)cc1C1CCCCC1,-5.998,-1.2797,4.7159
O=C(O)CCCCCCCCCCCCCCCCCC#Cc1cc(CC(=O)O)ccc1O,-6.0783,-1.1797,4.9011
O=C(O)CCCCCCCCCCCCCCCCCC#Cc1cc(F)ccc1C(=O)O,-6.7359,-1.796,4.9339
O=C(O)CCCCCCCCCCCCCCCCCC#Cc1cc2ccccc2cc1C#CCCCCCCCCCCCCCCCCCC(=O)O,-5.8913,-1.5671,4.3185
O=C(O)CCCCCCCCCCCCCCCCCC#Cc1cc2ccsc2s1,-6.0637,-1.1645,4.8948
O=C(O)CCCCCCCCCCCCCCCCCC#Cc1ccc(-c2ccc(C#CCCCCCCCCCCCCCCCCCC(=O)O)cc2)cc1,-6.021,-1.5431,4.4721
O=C(O)CCCCCCCCCCCCCCCCCC#Cc1ccc(-c2cccc(F)c2)cc1,-6.3163,-1.5074,4.8104
O=C(O)CCCCCCCCCCCCCCCCCC#Cc1ccc(C#CBr)cc1,-6.3197,-1.6512,4.6664
O=C(O)CCCCCCCCCCCCCCCCCC#Cc1ccc(C(=O)O)c(Cl)n1,-7.0833,-2.215,4.8699
O=C(O)CCCCCCCCCCCCCCCCCC#Cc1ccc(CC[C@H](NC(=O)OCC2c3ccccc3-c3ccccc32)C(=O)O)cc1,-6.3423,-1.2135,5.1252
O=C(O)CCCCCCCCCCCCCCCCCC#Cc1ccc(OCc2ccccc2)cc1F,-6.149,-0.8843,5.2637
O=C(O)CCCCCCCCCCCCCCCCCC#Cc1ccc(SSc2ccc(C#CCCCCCCCCCCCCCCCCCC(=O)O)cc2)cc1,-6.3821,-1.3752,5.0024
O=C(O)CCCCCCCCCCCCCCCCCC#Cc1ccc2c(c1)C(c1ccccc1)(c1ccccc1)c1cc(C#CCCCCCCCCCCCCCCCCCC(=O)O)ccc1-2,-5.9557,-1.7606,4.1982
O=C(O)CCCCCCCCCCCCCCCCCC#Cc1ccc2cc3c[nH]cc3cc2c1,-5.4429,-1.4797,3.9585
O=C(O)CCCCCCCCCCCCCCCCCC#Cc1ccc2cc[nH]c2c1,-5.7701,-0.9387,4.8336
O=C(O)CCCCCCCCCCCCCCCCCC#Cc1ccc2nccn2c1,-6.0307,-1.3248,4.7089
O=C(O)CCCCCCCCCCCCCCCCCC#Cc1ccc2ncnn2c1,-6.398,-1.6773,4.7213
O=C(O)CCCCCCCCCCCCCCCCCC#Cc1cccc(C#Cc2cccc(C#CCCCCCCCCCCCCCCCCCC(=O)O)c2)c1,-6.2314,-1.5804,4.6435
O=C(O)CCCCCCCCCCCCCCCCCC#Cc1cccc(CBr)c1C#CCCCCCCCCCCCCCCCCCC(=O)O,-6.3525,-1.5097,4.8368
O=C(O)CCCCCCCCCCCCCCCCCC#Cc1cccc(F)c1,-6.5481,-1.1706,5.3755
O=C(O)CCCCCCCCCCCCCCCCCC#Cc1cccc2ccoc12,-6.1883,-1.2165,4.9699
O=C(O)CCCCCCCCCCCCCCCCCC#Cc1cnc2c(c1)NC(=O)C2,-6.3386,-1.4446,4.8952
O=C(O)CCCCCCCCCCCCCCCCCC#Cc1cnc2c(ccc3cc(C#CCCCCCCCCCCCCCCCCCC(=O)O)cnc32)c1,-6.3011,-1.9178,4.3816
O=C(O)CCCCCCCCCCCCCCCCCC#Cc1cnc2cc(Cl)ccn12,-6.0525,-1.3786,4.6754
O=C(O)CCCCCCCCCCCCCCCCCC#Cc1csc2cnc(Cl)nc12,-6.6904,-1.9134,4.7732
O=C(O)CCCCCCCCCCCCCCCCCC#Cc1nccc(Cl)c1[N+](=O)[O-],-7.4133,-2.5414,4.8746
O=C(O)CCCCCCCCCCCCCCCCCC#Cc1ncccc1F,-6.8248,-1.4458,5.3749
O=C(O)Cc1ccc(O)c(-c2c3c(c(-c4cc(CC(=O)O)ccc4O)c4nsnc24)N=S=N3)c1,-6.1436,-3.4512,2.6976
O=C(O)Cc1ccc(O)c(-c2cc3[se]ccc3s2)c1,-5.93,-1.778,4.1588
O=C(O)Cc1ccc(O)c(-c2cc3sc(-c4cc(CC(=O)O)ccc4O)cc3s2)c1,-5.906,-2.0658,3.8368
O=C(O)Cc1ccc(O)c(-c2cc3sc4ccsc4c3s2)c1,-5.8639,-1.8668,4.0011
O=C(O)Cc1ccc(O)c(-c2ccc(-c3ccc(-c4ccc(-c5cc(CC(=O)O)ccc5O)s4)s3)s2)c1,-5.6499,-2.3043,3.3414
O=C(O)Cc1ccc(O)c(-c2ccc3ccc4cccc5ccc2c3c45)c1,-5.9437,-1.9866,3.958
O=C(O)Cc1ccc(O)c(C#Cc2cccc3cnccc23)c1,-6.0851,-2.3502,3.7387
O=C(O)c1ccc(-c2c3c(c(-c4ccc(C(=O)O)c(Cl)n4)c4nsnc24)N=S=N3)nc1Cl,-6.5931,-3.7453,2.8591
O=C(O)c1ccc(-c2cc3[se]ccc3s2)nc1Cl,-6.2098,-2.5615,3.6451
O=C(O)c1ccc(-c2cc3sc(-c4ccc(C(=O)O)c(Cl)n4)cc3s2)nc1Cl,-6.2226,-3.0178,3.2068
O=C(O)c1ccc(-c2cc3sc4ccsc4c3s2)nc1Cl,-6.1057,-2.6386,3.4645
O=C(O)c1ccc(-c2ccc(-c3ccc(-c4ccc(-c5ccc(C(=O)O)c(Cl)n5)s4)s3)s2)nc1Cl,-5.7439,-3.1037,2.6436
O=C(O)c1ccc(-c2ccc3ccc4cccc5ccc2c3c45)nc1Cl,-6.0379,-2.5009,3.5411
O=C(O)c1ccc(C#Cc2cccc3cnccc23)nc1Cl,-6.5733,-2.842,3.7331
O=C(O)c1ccc(F)cc1-c1c2c(c(-c3cc(F)ccc3C(=O)O)c3nsnc13)N=S=N2,-6.5395,-3.3715,3.1774
O=C(O)c1ccc(F)cc1-c1cc2[se]ccc2s1,-6.2098,-2.0511,4.1567
O=C(O)c1ccc(F)cc1-c1cc2sc(-c3cc(F)ccc3C(=O)O)cc2s1,-6.2733,-2.3392,3.9324
O=C(O)c1ccc(F)cc1-c1cc2sc3ccsc3c2s1,-6.0504,-2.1677,3.8803
O=C(O)c1ccc(F)cc1-c1ccc(-c2ccc(-c3ccc(-c4cc(F)ccc4C(=O)O)s3)s2)s1,-5.8083,-2.4633,3.3486
O=C(O)c1ccc(F)cc1-c1ccc2ccc3cccc4ccc1c2c34,-6.0217,-2.1159,3.9043
O=C(O)c1ccc(F)cc1C#Cc1cccc2cnccc12,-6.498,-2.5125,3.9856
O=C1C(=Cc2cc(Cl)c(O)cc2O)C(=O)c2cscc21,-6.6451,-2.9347,3.7114
O=C1C(=Cc2cc(F)cs2)C(=O)c2cscc21,-6.8937,-3.0874,3.8089
O=C1C(=Cc2cc3c(F)cc(F)cc3nc2Cl)C(=O)c2cscc21,-7.0829,-3.0936,3.9953
O=C1C(=Cc2cc3ccc2CCc2ccc(cc2)CC3)C(=O)c2cscc21,-6.5538,-2.7394,3.8147
O=C1C(=Cc2ccc(Br)cc2F)C(=O)c2cscc21,-7.1783,-3.069,4.1143
O=C1C(=Cc2ccc(F)cc2C=C2C(=O)c3cscc3C2=O)C(=O)c2cscc21,-7.0837,-2.977,4.11
O=C1C(=Cc2ccc3c(c2)C(=O)c2ccc(C=C4C(=O)c5cscc5C4=O)cc2C3=O)C(=O)c2cscc21,-7.3911,-3.5094,3.8767
O=C1C(=Cc2ccc3ccc4cccc5ccc2c3c45)C(=O)c2cscc21,-6.121,-2.7591,3.3588
O=C1C(=Cc2cccc([N+](=O)[O-])n2)C(=O)c2cscc21,-7.6359,-3.2659,4.3703
O=C1C(=Cc2ccn(C3CC3)n2)C(=O)c2cscc21,-6.8535,-2.6707,4.1847
O=C1C(=Cc2ccnc(Cl)c2)C(=O)c2cscc21,-7.5214,-3.1743,4.3522
O=C1C(=Cc2cncc3c2NCCO3)C(=O)c2cscc21,-6.415,-2.7266,3.6873
O=C1Cc2ncc(-c3c4c(c(-c5cnc6c(c5)NC(=O)C6)c5nsnc35)N=S=N4)cc2N1,-6.2824,-3.6187,2.6666
O=C1Cc2ncc(-c3cc4[se]ccc4s3)cc2N1,-5.9923,-1.9781,4.0169
O=C1Cc2ncc(-c3cc4sc(-c5cnc6c(c5)NC(=O)C6)cc4s3)cc2N1,-5.9512,-2.3153,3.6334
O=C1Cc2ncc(-c3cc4sc5ccsc5c4s3)cc2N1,-5.9249,-2.0629,3.8637
O=C1Cc2ncc(-c3ccc(-c4ccc(-c5ccc(-c6cnc7c(c6)NC(=O)C7)s5)s4)s3)cc2N1,-5.664,-2.5321,3.1311
O=C1Cc2ncc(-c3ccc4ccc5cccc6ccc3c4c56)cc2N1,-5.95,-2.1408,3.8079
O=C1Cc2ncc(C#Cc3cccc4cnccc34)cc2N1,-6.2581,-2.4013,3.8552
O=Cc1ccc(-c2c3c(c(-c4ccc(C=O)c(F)c4)c4nsnc24)N=S=N3)cc1F,-6.7301,-3.7357,2.9978
O=Cc1ccc(-c2cc3[se]ccc3s2)cc1F,-6.205,-2.5779,3.6256
O=Cc1ccc(-c2cc3sc(-c4ccc(C=O)c(F)c4)cc3s2)cc1F,-6.3193,-2.9671,3.3468
O=Cc1ccc(-c2cc3sc4ccsc4c3s2)cc1F,-6.101,-2.6417,3.4573
O=Cc1ccc(-c2ccc(-c3ccc(-c4ccc(-c5ccc(C=O)c(F)c5)s4)s3)s2)cc1F,-5.8799,-2.923,2.9509
O=Cc1ccc(-c2ccc3ccc4cccc5ccc2c3c45)cc1F,-6.1111,-2.4089,3.7005
O=Cc1ccc(C#CCCCCCCCCCCCCCCCCCC(=O)O)cc1F,-6.6373,-2.3537,4.2816
O=Cc1ccc(C#Cc2cccc3cnccc23)cc1F,-6.4153,-2.8457,3.567
O=[N+]([O-])c1c(Cl)ccnc1-c1c2c(c(-c3nccc(Cl)c3[N+](=O)[O-])c3nsnc13)N=S=N2,-7.0774,-3.447,3.6309
O=[N+]([O-])c1c(Cl)ccnc1-c1cc2[se]ccc2s1,-6.3794,-2.6943,3.68
O=[N+]([O-])c1c(Cl)ccnc1-c1cc2sc(-c3nccc(Cl)c3[N+](=O)[O-])cc2s1,-6.517,-2.8897,3.6208
O=[N+]([O-])c1c(Cl)ccnc1-c1cc2sc3ccsc3c2s1,-6.2667,-2.7677,3.4924
O=[N+]([O-])c1c(Cl)ccnc1-c1ccc(-c2ccc(-c3ccc(-c4nccc(Cl)c4[N+](=O)[O-])s3)s2)s1,-5.9892,-2.8723,3.115
O=[N+]([O-])c1c(Cl)ccnc1-c1ccc2ccc3cccc4ccc1c2c34,-6.1877,-2.5799,3.6022
O=[N+]([O-])c1c(Cl)ccnc1C#Cc1cccc2cnccc12,-6.8186,-2.9122,3.9054
O=[N+]([O-])c1cc(-c2cc3[se]ccc3s2)cc(-c2cc3[se]ccc3s2)c1O,-5.9255,-2.8059,3.1176
O=[N+]([O-])c1cc(-c2cc3sc4ccsc4c3s2)cc(-c2cc3sc4ccsc4c3s2)c1O,-5.8323,-2.8463,2.9788
O=[N+]([O-])c1cc(-c2ccc3ccc4cccc5ccc2c3c45)cc(-c2ccc3ccc4cccc5ccc2c3c45)c1O,-5.9377,-2.6166,3.3155
O=[N+]([O-])c1cc(C#Cc2cccc3cnccc23)cc(C#Cc2cccc3cnccc23)c1O,-6.2492,-2.8996,3.3519
O=[N+]([O-])c1cncc(Cl)c1-c1c2c(c(-c3c(Cl)cncc3[N+](=O)[O-])c3nsnc13)N=S=N2,-7.1883,-3.8013,3.3887
O=[N+]([O-])c1cncc(Cl)c1-c1cc2[se]ccc2s1,-6.4653,-2.8763,3.5823
O=[N+]([O-])c1cncc(Cl)c1-c1cc2sc(-c3c(Cl)cncc3[N+](=O)[O-])cc2s1,-6.6753,-3.2164,3.4534
O=[N+]([O-])c1cncc(Cl)c1-c1cc2sc3ccsc3c2s1,-6.3044,-2.9396,3.3569
O=[N+]([O-])c1cncc(Cl)c1-c1ccc(-c2ccc(-c3ccc(-c4c(Cl)cncc4[N+](=O)[O-])s3)s2)s1,-6.0553,-3.0817,2.9697
O=[N+]([O-])c1cncc(Cl)c1-c1ccc2ccc3cccc4ccc1c2c34,-6.2573,-2.7467,3.5036
O=[N+]([O-])c1cncc(Cl)c1C#Cc1cccc2cnccc12,-6.8246,-3.1521,3.672
[2H]C(=C1C(=O)c2cscc2C1=O)c1ccc(-c2ccc(-c3cc(-c4ccc(-c5ccc(C([2H])=C6C(=O)c7cscc7C6=O)cc5)cc4)c(-c4ccc(-c5ccc(C([2H])=C6C(=O)c7cscc7C6=O)cc5)cc4)cc3-c3ccc(-c4ccc(C(C)=O)cc4)cc3)cc2)cc1,-5.9549,-2.919,3.016
[2H]N1Cc2ccc(-c3c(OC)ccc4ccccc34)cc2C1=O,-6.0934,-1.6399,4.4538
[2H]N1Cc2ccc(-c3c4c(c(-c5ccc6c(c5)C(=O)N([2H])C6)c5nsnc35)N=S=N4)cc2C1=O,-6.2503,-3.2564,2.9962
[2H]N1Cc2ccc(-c3cc(C=O)c(F)cc3C)cc2C1=O,-6.9399,-2.1293,4.8103
[2H]N1Cc2ccc(-c3cc4[se]ccc4s3)cc2C1=O,-5.9995,-2.0164,3.9794
[2H]N1Cc2ccc(-c3cc4c(s3)c3sc(-c5ccc6c(c5)C(=O)N([2H])C6)cc3n4-c3cc(OCCCCCCCCCCCC)c(OCCCCCCCCCCCC)c(OCCCCCCCCCCCC)c3)cc2C1=O,-5.6624,-2.1363,3.5165
[2H]N1Cc2ccc(-c3cc4sc(-c5ccc6c(c5)C(=O)N([2H])C6)cc4s3)cc2C1=O,-5.9821,-2.1664,3.8172
[2H]N1Cc2ccc(-c3cc4sc5ccsc5c4s3)cc2C1=O,-5.9005,-2.1112,3.7836
[2H]N1Cc2ccc(-c3ccc(-c4ccc(-c5ccc(-c6ccc7c(c6)C(=O)N([2H])C7)s5)s4)s3)cc2C1=O,-5.605,-2.29,3.3178
[2H]N1Cc2ccc(-c3ccc4ccc5cccc6ccc3c4c56)cc2C1=O,-5.9296,-2.0343,3.8955
[2H]N1Cc2ccc(C#CCCCCCCCCCCCCCCCCCC(=O)O)cc2C1=O,-6.5056,-1.6487,4.8511
[2H]N1Cc2ccc(C#Cc3ccc(C4=C5C(C)=CC(C)=[N+]5[B-](F)(F)n5c(C)cc(C)c54)cc3)cc2C1=O,-5.6123,-2.365,3.2386
[2H]N1Cc2ccc(C#Cc3cccc4cnccc34)cc2C1=O,-6.2915,-2.315,3.9758
c1cc(-c2c3c(c(-c4cccc5ccoc45)c4nsnc24)N=S=N3)c2occc2c1,-5.8528,-3.1438,2.705
c1cc(-c2cc3[se]ccc3s2)c2occc2c1,-5.8069,-1.4493,4.3605
c1cc(-c2cc3sc(-c4cccc5ccoc45)cc3s2)c2occc2c1,-5.7022,-1.4865,4.2109
c1cc(-c2cc3sc4ccsc4c3s2)c2occc2c1,-5.7564,-1.5627,4.1959
c1cc(-c2ccc(-c3ccc(-c4ccc(-c5cccc6ccoc56)s4)s3)s2)c2occc2c1,-5.4081,-1.8717,3.5346
c1cc(-c2ccc3ccc4cccc5ccc2c3c45)c2occc2c1,-5.8086,-1.7851,4.0241
c1cc2cc(-c3c4c(c(-c5cc6ccsc6s5)c5nsnc35)N=S=N4)sc2s1,-5.7556,-3.4509,2.3052
c1cc2cc(-c3cc4[se]ccc4s3)sc2s1,-5.7288,-1.7483,3.9849
c1cc2cc(-c3cc4sc(-c5cc6ccsc6s5)cc4s3)sc2s1,-5.6214,-1.8904,3.7298
c1cc2cc(-c3cc4sc5ccsc5c4s3)sc2s1,-5.6595,-1.8206,3.8407
c1cc2cc(-c3ccc(-c4ccc(-c5ccc(-c6cc7ccsc7s6)s5)s4)s3)sc2s1,-5.3707,-2.1046,3.2684
c1cc2cc3c[nH]cc3cc2cc1-c1c2c(c(-c3ccc4cc5c[nH]cc5cc4c3)c3nsnc13)N=S=N2,-5.168,-3.0693,2.0952
c1cc2cc3c[nH]cc3cc2cc1-c1cc2sc(-c3ccc4cc5c[nH]cc5cc4c3)cc2s1,-5.1404,-1.8627,3.2739
c1cc2cc3c[nH]cc3cc2cc1-c1ccc(-c2ccc(-c3ccc(-c4ccc5cc6c[nH]cc6cc5c4)s3)s2)s1,-4.9887,-2.0316,2.9604
c1cc2ccc(-c3c4c(c(-c5ccc6cc[nH]c6c5)c5nsnc35)N=S=N4)cc2[nH]1,-5.4287,-3.1676,2.2591
c1cc2ccc(-c3cc4[se]ccc4s3)cc2[nH]1,-5.5032,-1.5075,4.0001
c1cc2ccc(-c3cc4sc(-c5ccc6cc[nH]c6c5)cc4s3)cc2[nH]1,-5.339,-1.6431,3.6925
c1cc2ccc(-c3cc4sc5ccsc5c4s3)cc2[nH]1,-5.4599,-1.6273,3.8349
c1cc2ccc(-c3ccc(-c4ccc(-c5ccc(-c6ccc7cc[nH]c7c6)s5)s4)s3)cc2[nH]1,-5.1784,-2.014,3.165
c1cc2ccc3ccc(-c4cc(C5CCCCC5)c(-c5ccc6ccc7cccc8ccc5c6c78)cc4C4CCCCC4)c4ccc(c1)c2c34,-5.6764,-1.9091,3.7672
c1cc2ccc3ccc(-c4cc5ccsc5s4)c4ccc(c1)c2c34,-5.7204,-1.9836,3.738
c1cc2ccc3ccc(-c4ccc(-c5ccc(-c6ccc7ccc8cccc9ccc6c7c89)cc5)cc4)c4ccc(c1)c2c34,-5.6023,-1.9726,3.6269
c1cc2ccc3ccc(-c4ccc(SSc5ccc(-c6ccc7ccc8cccc9ccc6c7c89)cc5)cc4)c4ccc(c1)c2c34,-5.8378,-2.0322,3.8055
c1cc2ccc3ccc(-c4ccc5cc6c[nH]cc6cc5c4)c4ccc(c1)c2c34,-5.3773,-1.8635,3.5135
c1cc2ccc3ccc(-c4ccc5cc[nH]c5c4)c4ccc(c1)c2c34,-5.5748,-1.7874,3.788
c1cc2ccc3ccc(-c4ccc5nccn5c4)c4ccc(c1)c2c34,-5.7617,-1.9861,3.7718
c1cc2ccc3ccc(-c4ccc5ncnn5c4)c4ccc(c1)c2c34,-5.9954,-2.2268,3.767
c1cc2ccc3ccc(-c4cnc5c(ccc6cc(-c7ccc8ccc9cccc%10ccc7c8c9%10)cnc65)c4)c4ccc(c1)c2c34,-5.7766,-2.1963,3.5784
c1cc2sc(-c3cc(C4CCCCC4)c(-c4cc5[se]ccc5s4)cc3C3CCCCC3)cc2[se]1,-5.6429,-1.6923,3.946
c1cc2sc(-c3ccc(-c4ccc(-c5cc6[se]ccc6s5)cc4)cc3)cc2[se]1,-5.5828,-2.0572,3.5213
c1cc2sc(-c3ccc(SSc4ccc(-c5cc6[se]ccc6s5)cc4)cc3)cc2[se]1,-5.8897,-1.9692,3.9183
c1cc2sc(-c3ccc4cc5c[nH]cc5cc4c3)cc2[se]1,-5.3309,-1.7948,3.5348
c1cc2sc(-c3cnc4c(ccc5cc(-c6cc7[se]ccc7s6)cnc54)c3)cc2[se]1,-5.801,-2.3549,3.4469
c1cc2sc3cc(-c4cc(C5CCCCC5)c(-c5cc6sc7ccsc7c6s5)cc4C4CCCCC4)sc3c2s1,-5.5185,-1.8597,3.6487
c1cc2sc3cc(-c4ccc(-c5ccc(-c6cc7sc8ccsc8c7s6)cc5)cc4)sc3c2s1,-5.4969,-2.1846,3.3054
c1cc2sc3cc(-c4ccc(SSc5ccc(-c6cc7sc8ccsc8c7s6)cc5)cc4)sc3c2s1,-5.786,-2.1213,3.6553
c1cc2sc3cc(-c4ccc5cc6c[nH]cc6cc5c4)sc3c2s1,-5.3114,-1.8795,3.4285
c1cc2sc3cc(-c4cnc5c(ccc6cc(-c7cc8sc9ccsc9c8s7)cnc65)c4)sc3c2s1,-5.7339,-2.4466,3.2832
c1ccc(C2(c3ccccc3)c3cc(-c4cc5[se]ccc5s4)ccc3-c3ccc(-c4cc5[se]ccc5s4)cc32)cc1,-5.6171,-2.1735,3.4399
c1ccc(C2(c3ccccc3)c3cc(-c4cc5sc6ccsc6c5s4)ccc3-c3ccc(-c4cc5sc6ccsc6c5s4)cc32)cc1,-5.5539,-2.2843,3.2606
c1ccc(C2(c3ccccc3)c3cc(-c4ccc5ccc6cccc7ccc4c5c67)ccc3-c3ccc(-c4ccc5ccc6cccc7ccc4c5c67)cc32)cc1,-5.6329,-2.1326,3.4958
c1ccc2cc(-c3cc4[se]ccc4s3)c(-c3cc4[se]ccc4s3)cc2c1,-5.5654,-2.0893,3.4747
c1ccc2cc(-c3cc4sc5ccsc5c4s3)c(-c3cc4sc5ccsc5c4s3)cc2c1,-5.4583,-2.2151,3.2383
c1ccc2cc(-c3ccc4ccc5cccc6ccc3c4c56)c(-c3ccc4ccc5cccc6ccc3c4c56)cc2c1,-5.6272,-1.9156,3.7121
c1cn2cc(-c3c4c(c(-c5ccc6nccn6c5)c5nsnc35)N=S=N4)ccc2n1,-5.8821,-3.2846,2.5933
c1cn2cc(-c3cc4[se]ccc4s3)ccc2n1,-5.7526,-1.7211,4.0344
c1cn2cc(-c3cc4sc(-c5ccc6nccn6c5)cc4s3)ccc2n1,-5.6316,-1.9029,3.719
c1cn2cc(-c3cc4sc5ccsc5c4s3)ccc2n1,-5.6642,-1.8344,3.8288
c1cn2cc(-c3ccc(-c4ccc(-c5ccc(-c6ccc7nccn7c6)s5)s4)s3)ccc2n1,-5.3882,-2.1894,3.1918
c1nc2ccc(-c3c4c(c(-c5ccc6ncnn6c5)c5nsnc35)N=S=N4)cn2n1,-6.4223,-3.5374,2.8838
c1nc2ccc(-c3cc4[se]ccc4s3)cn2n1,-6.0303,-2.072,3.9602
c1nc2ccc(-c3cc4sc(-c5ccc6ncnn6c5)cc4s3)cn2n1,-5.9751,-2.4085,3.5583
c1nc2ccc(-c3cc4sc5ccsc5c4s3)cn2n1,-5.9079,-2.1649,3.7421
c1nc2ccc(-c3ccc(-c4ccc(-c5ccc(-c6ccc7ncnn7c6)s5)s4)s3)cn2n1,-5.6187,-2.6289,2.9851
